min_dist_2O,max_dist_2O,min_dist_carbonyl,max_dist_carbonyl,max_path_non_rotatabale_bonds_carbonyl,min_path_non_rotatabale_bonds_carbonyl,max_path_non_rotatabale_bonds_2O,min_path_non_rotatabale_bonds_2O,SMILES
3,3,3,3,0,0,0,0,C(=O)(C(=O)O)O
100,0,100,0,0,0,0,0,C1=CC=C2C3=C4C(=CC2=C1)C=CC5=C4C(=CC=C5)C=C3
100,0,100,0,0,0,0,0,C1=CC(=CC=C1N)N
100,0,100,0,0,0,0,0,C(#N)C1=C(C(=C(C(=C1Cl)Cl)Cl)C#N)Cl
2,5,5,5,0,0,0,0,C1=CC=C(C=C1)C(=O)OOC(=O)C2=CC=CC=C2
100,0,100,0,0,0,0,0,C1=CC2=C3C(=C1)C=CC4=C(C=CC(=C43)C=C2)CCl
100,0,100,0,0,0,0,0,CC1=C2C=CC3=CC=CC=C3C2=C(C4=CC=CC=C14)C
2,6,6,6,2,2,2,0,C1=C(C=C(C(=C1[N+](=O)[O-])Cl)[N+](=O)[O-])[N+](=O)[O-]
2,14,100,0,0,0,6,0,CCN(CCO)C1=CC(=C(C=C1)N=NC2=NC=C(S2)[N+](=O)[O-])C
100,0,100,0,0,0,0,0,CN1C(=O)C=C(S1)Cl
5,5,5,5,3,3,3,3,C1=CC(=O)C=CC1=O
2,4,2,4,0,0,0,0,[O-][Cr](=O)(=O)O[Cr](=O)(=O)[O-].[K+].[K+]
2,6,6,6,2,2,2,0,C1=CC(=C(C=C1[N+](=O)[O-])[N+](=O)[O-])Cl
2,8,8,8,0,0,0,0,CCC(COC(=O)C=C)(COC(=O)C=C)COC(=O)C=C
2,6,6,6,2,2,2,0,C1=CC(=C(C=C1[N+](=O)[O-])[N+](=O)[O-])F
100,0,100,0,0,0,0,0,C1=CC(=CC=C1N)N=C2C=C(C(=NC3=CC=C(C=C3)N)C=C2N)N
8,8,8,8,4,4,4,4,CC1=C(C=C(C=C1)N=C=O)N=C=O
6,6,6,6,0,0,0,0,C(CC=O)CC=O
4,4,100,0,0,0,1,1,C1=CC(=C(C=C1NC(=O)C2=C(C(=CC(=C2)Cl)Cl)O)Cl)Cl
2,2,100,0,0,0,0,0,C1=CC(=CC=C1CBr)[N+](=O)[O-]
4,4,4,4,0,0,0,0,CN(C(=O)N)N=O
100,0,100,0,0,0,0,0,C1CCC(CC1)N=C=NC2CCCCC2
5,5,100,0,0,0,3,3,C1=CC(=CC=C1O)O
100,0,100,0,0,0,0,0,C1(=NC(=NC(=N1)Cl)Cl)Cl
100,0,100,0,0,0,0,0,CCCCCCCCCCCCC[N+](C)(C)CC1=CC=CC=C1
100,0,100,0,0,0,0,0,C=O
2,7,4,7,4,2,4,0,C1=CC2=C(C=C1C(=O)O)C(=O)OC2=O
100,0,100,0,0,0,0,0,CN(C)C(=S)SSC(=S)N(C)C
100,0,100,0,0,0,0,0,C1=CC(=C(C=C1N)Cl)Cl
2,8,100,0,0,0,6,0,C1=CC2=C(C=C1N=C=S)C(=O)OC23C4=C(C=C(C=C4)O)OC5=C3C=CC(=C5)O
2,2,100,0,0,0,0,0,C1COC1=O
2,2,2,2,0,0,0,0,COS(=O)(=O)OC
100,0,100,0,0,0,0,0,C1=CC=C(C=C1)CBr
100,0,100,0,0,0,0,0,CCN(CC)C(=S)[S-].CCN(CC)C(=S)[S-].[Zn+2]
2,4,100,0,0,0,1,0,CCCCCCOC(=O)C1=CC=CC=C1O
2,2,2,2,0,0,0,0,CCN(CCNS(=O)(=O)C)C1=CC(=C(C=C1)N)C
100,0,100,0,0,0,0,0,CC1=C(C=CC(=C1)N)N
2,6,100,0,0,0,3,0,CCCCCCCCCCCCOC(=O)C1=CC(=C(C(=C1)O)O)O
100,0,100,0,0,0,0,0,CN1C(=O)C=CS1
100,0,100,0,0,0,0,0,CC(C)NC1=CC=C(C=C1)NC2=CC=CC=C2
100,0,100,0,0,0,0,0,C1=CC(=CC(=C1)CN)CN
3,3,100,0,0,0,0,0,CC(C)(C)C1=CC=C(C=C1)OCC2CO2
7,7,100,0,0,0,2,2,CC1=C(C=C(C=C1)NCCO)O
2,2,2,2,0,0,0,0,CC1=C(C=CC(=C1)N)N.OS(=O)(=O)O
100,0,100,0,0,0,0,0,C1CCC(C(C1)N)N
100,0,100,0,0,0,0,0,Cl[Co]Cl
3,4,100,0,0,0,2,1,C1=CC(=C(C(=C1)O)O)O
100,0,100,0,0,0,0,0,C1=CC=C(C(=C1)N)O
100,0,100,0,0,0,0,0,C1=CC(=CC(=C1)N)N
2,2,100,0,0,0,0,0,CCCCCC#CC(=O)OC
100,0,100,0,0,0,0,0,C1=CC=C(C=C1)NC2=CC=CC=C2N
100,0,100,0,0,0,0,0,C1=CC=C(C=C1)C(=CC=O)C2=CC=CC=C2
-1,2,-1,2,0,0,0,0,CCN(CCNS(=O)(=O)C)C1=CC(=C(C=C1)N)C.CCN(CCNS(=O)(=O)C)C1=CC(=C(C=C1)N)C.OS(=O)(=O)O.OS(=O)(=O)O.OS(=O)(=O)O
4,4,100,0,0,0,1,1,CC1=CC(=C(C(=C1)O)C=O)O
100,0,100,0,0,0,0,0,CC1=CCC(CC1=NO)C(=C)C
3,7,100,0,0,0,3,1,C1=CC(=C(C=C1CCO)O)O
100,0,100,0,0,0,0,0,C1=CN=C(N=C1Cl)Cl
2,2,100,0,0,0,0,0,CC1=NC2=CC=CC=C2C(=O)O1
2,2,100,0,0,0,0,0,C1=CC(=C(C=C1SC#N)[N+](=O)[O-])N
-1,2,2,2,0,0,0,0,CNC1=CC=C(C=C1)O.CNC1=CC=C(C=C1)O.OS(=O)(=O)O
2,7,2,7,3,0,3,0,C1=CC(=C(C=C1[N+](=O)[O-])[N+](=O)[O-])S(=O)(=O)O
2,5,2,5,0,0,0,0,[O-]S(=O)(=O)OOS(=O)(=O)[O-].[K+].[K+]
100,0,100,0,0,0,0,0,C(CC(CBr)(C#N)Br)C#N
100,0,100,0,0,0,0,0,C(CN)CNCCCN
100,0,100,0,0,0,0,0,CC1(CC(CC(C1)(C)CN)N)C
4,4,4,4,0,0,0,0,CCN(C(=O)N)N=O
100,0,100,0,0,0,0,0,CN(C)C(=S)[S-].CN(C)C(=S)[S-].[Zn+2]
2,2,100,0,0,0,0,0,C1=CC=C(C=C1)C(=O)OC2=CC=CC=C2
100,0,100,0,0,0,0,0,CCCCCCCCCCCCCCCCBr
3,3,3,3,0,0,0,0,CC(=O)C(=O)C1=CC=CC=C1
100,0,100,0,0,0,0,0,C1=CC=C2C(=C1)C=CC=C2O
3,3,3,3,0,0,0,0,C(=O)C=O
3,10,100,0,0,0,0,0,CCC(COCC1CO1)(COCC2CO2)COCC3CO3
2,5,100,0,0,0,0,0,C=CC(=O)OCCO
3,16,100,0,0,0,6,0,CC(C)(C1=CC=C(C=C1)OCC2CO2)C3=CC=C(C=C3)OCC4CO4
100,0,100,0,0,0,0,0,CC1=C(C=CC(=C1)O)N
100,0,100,0,0,0,0,0,C=CC1=CC=CC=N1
2,8,5,8,3,1,3,0,CC1(C(N2C(S1)C(C2=O)NC(=O)CC3=CC=CC=C3)C(=O)O)C
100,0,100,0,0,0,0,0,CCCCCCCCC(=O)Cl
100,0,100,0,0,0,0,0,CN1C(=O)C2=C(S1)CCC2
2,2,100,0,0,0,0,0,CCOC(=O)C1=CC=C(C=C1)N
3,13,100,0,0,0,0,0,C1C(O1)COCCCCCCOCC2CO2
2,5,2,5,0,0,0,0,[NH4+].[NH4+].[O-]S(=O)(=O)OOS(=O)(=O)[O-]
100,0,100,0,0,0,0,0,C(CN)N
100,0,100,0,0,0,0,0,CN(C)CCCN
100,0,100,0,0,0,0,0,C1=CC=C2C(=C1)C(=O)NS2
2,5,2,5,0,0,0,0,[O-]S(=O)(=O)OOS(=O)(=O)[O-].[Na+].[Na+]
4,4,100,0,0,0,0,0,CCC1=C(C(=CC=C1)CC)N(COC)C(=O)CCl
3,3,3,3,0,0,0,0,CC(=O)C(=O)OC
2,2,100,0,0,0,0,0,CCCCCCC#CC(=O)OC
5,5,100,0,0,0,2,2,C1=CC(=C(C=C1O)C=O)Br
2,6,5,5,1,1,3,0,C1=CC(=C(C=C1O)[N+](=O)[O-])[N+](=O)[O-]
100,0,100,0,0,0,0,0,CC(CC(=O)Cl)CC(C)(C)C
100,0,100,0,0,0,0,0,CC(C)CCCCCC(=O)Cl
2,4,100,0,0,0,1,0,C1=CC=C(C=C1)COC(=O)C2=CC=CC=C2O
2,2,100,0,0,0,0,0,C1=CC2=C(C=CC(=O)O2)C=C1Cl
100,0,100,0,0,0,0,0,C1=CC=C(C=C1)CC=O
3,6,100,0,0,0,3,1,COC1=C(C=C(C=C1)C=O)OC
100,0,100,0,0,0,0,0,C1=CC(=CC(=C1)O)N
100,0,100,0,0,0,0,0,C(CNCCN)N
2,2,100,0,0,0,0,0,C1CC(=O)OC2=CC=CC=C21
2,2,2,2,0,0,0,0,CCOS(=O)(=O)OCC
2,2,100,0,0,0,0,0,CCCCCCCCCCCCC(C(=O)O)Br
3,3,100,0,0,0,0,0,C(C(CS)O)O
100,0,100,0,0,0,0,0,CC1=C(C=C(C=C1)N)O
100,0,100,0,0,0,0,0,C1=CC(=NC(=C1)Cl)C(Cl)(Cl)Cl
2,2,2,2,0,0,0,0,[O-]S(=O)(=O)[O-].[Ni+2]
100,0,100,0,0,0,0,0,CCCCC(CN1C=NC=N1)(C#N)C2=CC=C(C=C2)Cl
3,3,100,0,0,0,1,1,C1=CC=C(C(=O)C=C1)O
100,0,100,0,0,0,0,0,CCCCCC(C#C)O
100,0,100,0,0,0,0,0,C1=CC=C(C=C1)C(C2=CC=CC=C2)(C3=CC=CC=C3Cl)N4C=CN=C4
100,0,100,0,0,0,0,0,CCCCCCCCCCCCCCCCCBr
4,4,100,0,0,0,1,1,C1=CC=C(C=C1)NC(=O)C2=C(C=CC(=C2)Cl)O
100,0,100,0,0,0,0,0,CCCCCCCCCCCCCCCBr
3,3,3,3,0,0,0,0,C(=O)C(=O)O
3,3,100,0,0,0,1,1,CC1=CC(=C(C=C1)O)OC
3,3,100,0,0,0,1,1,COC1=C(C=CC(=C1)CC=C)O
100,0,100,0,0,0,0,0,CC1=CCC(C=C1)C(C)C
4,4,100,0,0,0,2,2,C1=CC(=CC(=C1)O)O
3,3,100,0,0,0,0,0,C1=CC(=C(C=C1N)N)OCCO.Cl.Cl
100,0,100,0,0,0,0,0,Cl[Ni]Cl
100,0,100,0,0,0,0,0,CC(C)C1CCC(=C)C=C1
2,6,6,6,2,2,2,0,CCCN(CCC)C1=C(C=C(C=C1[N+](=O)[O-])C(F)(F)F)[N+](=O)[O-]
6,6,100,0,0,0,3,3,COC1=CC=C(C=C1)CO
100,0,100,0,0,0,0,0,CCCCCCCCCCCCCCCCCCCCBr
2,3,100,0,0,0,0,0,CCCCCCC(C)OC(=O)COC1=NC(=C(C(=C1Cl)N)Cl)F
100,0,100,0,0,0,0,0,C1=CC=C(C=C1)CCBr
100,0,100,0,0,0,0,0,CC(C=O)C1=CC=CC=C1
100,0,100,0,0,0,0,0,C=CCCCCCCCCC=O
3,3,100,0,0,0,1,1,CCCC1=CC(=C(C=C1)O)OC
2,2,100,0,0,0,0,0,CCOP(=S)(OCC)OC1=NC(=C(C=C1Cl)Cl)Cl
100,0,100,0,0,0,0,0,C(CCCCCCBr)CCCCCO
2,5,5,5,1,1,1,0,C(=CC(=O)O)C(=O)O
3,4,3,3,1,1,2,1,C1(=C(C(=O)C1=O)O)O
100,0,100,0,0,0,0,0,CC1=C(C(CC=C1)(C)C)C=O
3,3,100,0,0,0,0,0,CC(C)(C)CC(C)(C)C1=CC=C(C=C1)OCCO
2,2,100,0,0,0,0,0,CCOC(=O)C1=CC=C(C=C1)I
5,5,100,0,0,0,3,3,CC1=C(C2=C(CCC(O2)(C)CCCC(C)CCCC(C)CCCC(C)C)C(=C1O)C)C
100,0,100,0,0,0,0,0,CC(=C)C1CCC(=CC1)C=O
2,2,2,2,0,0,0,0,COS(=O)(=O)C
2,8,100,0,0,0,2,0,C1=CC(=C(C=C1N(CCO)CCO)[N+](=O)[O-])N
100,0,100,0,0,0,0,0,CCCCCCCCCCCCCCCCCCCCCCBr
100,0,100,0,0,0,0,0,CC1=NN(C(=O)C1)C2=CC=CC=C2
4,9,4,4,0,0,3,0,CC(=O)CC(=O)NC1=CC=C(C=C1)OC
2,3,100,0,0,0,0,0,CCCCC(CC)COC(=O)COC1=C(C=C(C=C1)Cl)Cl
100,0,100,0,0,0,0,0,CCCCCCCCCCCCCCCC(=O)Cl
3,3,100,0,0,0,0,0,CCCCCCCCCCCCCCCCOCCO
2,2,2,2,0,0,0,0,CCCCCCCCCCCCOS(=O)(=O)C
100,0,100,0,0,0,0,0,CN1C2CCC1CC(C2)O
100,0,100,0,0,0,0,0,CC1=CC=C(CC1)C(C)C
100,0,100,0,0,0,0,0,CCCCCCCCCCCCCCCCCl
100,0,100,0,0,0,0,0,CCCCCCCCCCCCCCBr
8,8,100,0,0,0,4,4,CCC(=O)C=CC1=CC=C(C=C1)OC
2,2,100,0,0,0,0,0,C1CC(CC=C1)C(=O)O
2,2,100,0,0,0,0,0,CCCCC(CC)COC(=O)C=C
3,3,100,0,0,0,0,0,C1=C(C(=CC(=C1Cl)Cl)Cl)OCC(=O)O
100,0,100,0,0,0,0,0,CCCCCCCCCC(C)C=O
100,0,100,0,0,0,0,0,CCCCCCBr
3,3,3,3,1,1,1,1,CC1(C2CCC1(C(=O)C2=O)C)C
100,0,100,0,0,0,0,0,CCCCCCCCCCCCCBr
2,2,100,0,0,0,0,0,CCCCCCCCC=CCCCCCCCC(=O)O
100,0,100,0,0,0,0,0,CCCCCC(=CC1=CC=CC=C1)C=O
2,2,100,0,0,0,0,0,CCCCOC(=O)C=C
3,3,3,3,0,0,0,0,CC(=O)C(=O)C
2,4,100,0,0,0,1,0,COC(=O)C1=CC=CC=C1O
2,4,100,0,0,0,1,0,C1=CC=C(C(=C1)C(=O)O)O
100,0,100,0,0,0,0,0,CC1=CCC(CC1=O)C(=C)C
100,0,100,0,0,0,0,0,CCCCCCCCCCCCI
100,0,100,0,0,0,0,0,C1=CC=C(C=C1)N
100,0,100,0,0,0,0,0,CC1=CC=C(C=C1)CCC=O
100,0,100,0,0,0,0,0,CCCCCCCCCCCCCCI
100,0,100,0,0,0,0,0,CCNCC
100,0,100,0,0,0,0,0,CCCCCCCCCCCCCCCCCCBr
2,2,100,0,0,0,0,0,CC(C)C1=CC2=CCC3C(C2CC1)(CCCC3(C)C(=O)O)C
100,0,100,0,0,0,0,0,C(CNCCO)N
100,0,100,0,0,0,0,0,CCC(=O)NC1=CC(=C(C=C1)Cl)Cl
100,0,100,0,0,0,0,0,CCCCCCCCCCCCCCCCCCCl
2,8,100,0,0,0,3,0,CC(CC1=CC2=C(C=C1)OCO2)C=O
2,2,100,0,0,0,0,0,C1=CC=C(C=C1)COC(=O)C2=CC=CC=C2
10,10,100,0,0,0,3,3,CC(C)(CCCC1=CCC(CC1)C=O)O
100,0,100,0,0,0,0,0,COC1=CC=C(C=C1)CC=C
100,0,100,0,0,0,0,0,CCCCCCCCCCCCBr
2,2,100,0,0,0,0,0,C(CCCCCC(=O)O)CCCCCBr
2,6,100,0,0,0,3,0,CCOC1=C(C=CC(=C1)OC2=C(C=C(C=C2)C(F)(F)F)Cl)[N+](=O)[O-]
8,8,100,0,0,0,0,0,CC(CCCC(C)(C)O)CC=O
100,0,100,0,0,0,0,0,CCCCCCCCCCCCCCCCI
100,0,100,0,0,0,0,0,CC(CC1=CC=C(C=C1)C(C)(C)C)C=O
2,2,100,0,0,0,0,0,C1=CC=C2C(=C1)C=CC(=O)O2
2,2,100,0,0,0,0,0,C=CCCCCCCCCC(=O)O
100,0,100,0,0,0,0,0,CCCCN(CCCC)C1=CC=CC=C1
100,0,100,0,0,0,0,0,CCCCCCCCCCCCCCCl
100,0,100,0,0,0,0,0,CCCCCCCCCCCBr
100,0,100,0,0,0,0,0,C1(=C(C(=C(C(=C1Cl)Cl)Cl)Cl)Cl)O
2,2,100,0,0,0,0,0,COC(=O)C=C
3,3,3,3,0,0,0,0,C1=CC(=CC=C1C(=O)C(=O)C2=CC=C(C=C2)Br)Br
4,6,100,0,0,0,2,1,CC(C)(C)N(CC1=CC=CC=C1)CC(=O)C2=CC(=C(C=C2)O)CO.Cl
5,14,5,14,4,1,2,1,C(NC(=O)NC1C(=O)NC(=O)N1CO)NC(=O)NC2C(=O)NC(=O)N2CO
100,0,100,0,0,0,0,0,CCCCCCCCCI
3,3,3,3,0,0,0,0,CC(C)CC(=O)C(=O)C
4,4,4,4,2,2,2,2,CC(CCCN1C(=O)C2=CC=CC=C2C1=O)Br
4,4,4,4,0,0,0,0,CC(C)(C)C(=O)CC(=O)C(C)(C)C
2,7,7,7,0,0,0,0,CC(=C)C(=O)OCCOC(=O)C(=C)C
2,2,100,0,0,0,0,0,CCOC(=O)C=C
6,6,6,6,2,2,2,2,CC(C)CC1=C(C(=NC(=C1C(=O)SC)C(F)(F)F)C(F)F)C(=O)SC
100,0,100,0,0,0,0,0,CC(=CCCC(C)(C=C)O)C
3,3,100,0,0,0,0,0,CCCCOCC1CO1
100,0,100,0,0,0,0,0,C1=CC(=CC=C1CCO)Cl
100,0,100,0,0,0,0,0,CCNC1=NC(=NC(=N1)Cl)NC(C)C
-1,12,-1,2,0,0,6,0,CC1C(C(C(O1)OC2C(C(C(C(C2O)O)N=C(N)N)O)N=C(N)N)OC3C(C(C(C(O3)CO)O)O)NC)(C=O)O.CC1C(C(C(O1)OC2C(C(C(C(C2O)O)N=C(N)N)O)N=C(N)N)OC3C(C(C(C(O3)CO)O)O)NC)(C=O)O.OS(=O)(=O)O.OS(=O)(=O)O.OS(=O)(=O)O
2,2,100,0,0,0,0,0,CC(C)CC(=O)OCCC1=CC=CC=C1
100,0,100,0,0,0,0,0,CC(CCC=C(C)C)CCO
2,2,100,0,0,0,0,0,CCCCCCCCCCCCCC(=O)OC(C)C
2,22,22,22,6,6,6,0,CC(=C)C(=O)OCC(COC1=CC=C(C=C1)C(C)(C)C2=CC=C(C=C2)OCC(COC(=O)C(=C)C)O)O
100,0,100,0,0,0,0,0,CCCCCCCCCCCCC
2,2,100,0,0,0,0,0,CC(=C)C(=O)OC
100,0,100,0,0,0,0,0,CC1=CCC(CC1)C(=C)C
100,0,100,0,0,0,0,0,C1=CC=NC=C1
100,0,100,0,0,0,0,0,CS(=O)C
100,0,100,0,0,0,0,0,CCC(CC)C=O
2,5,5,5,1,1,1,0,CCCCOC(=O)C1=CC=CC=C1C(=O)OCCCC
2,7,7,7,0,0,0,0,COC(=O)CCCCC(=O)OC
2,6,100,0,0,0,4,0,CCN(CC)C1=CC2=C(C=C1)C3(C4=C(O2)C=C(C=C4)N(CC)CC)C5=CC=CC=C5C(=O)O3
2,5,5,5,1,1,1,0,COC(=O)C1=CC=CC=C1C(=O)OC
2,5,5,5,1,1,1,0,CCCCCCCCCOC(=O)C1=CC=CC=C1C(=O)OCCCCCCCCC
2,5,5,5,1,1,1,0,C1=CC=C(C=C1)OC(=O)C2=CC=CC=C2C(=O)OC3=CC=CC=C3
2,2,100,0,0,0,0,0,CCCCOP(=O)(OCCCC)OCCCC
100,0,100,0,0,0,0,0,C1C(=O)NC2=CC=CC=C2S1
2,2,100,0,0,0,0,0,CCCCCCC(=O)O
100,0,100,0,0,0,0,0,CC1=C(C(=CC=C1)C)N(CN2C=CC=N2)C(=O)CCl
2,5,5,5,1,1,1,0,CCCCOC(=O)C1=CC=CC=C1C(=O)OCC2=CC=CC=C2
2,7,7,7,0,0,0,0,CCOC(=O)CCCCC(=O)OCC
2,5,5,5,1,1,1,0,CC(C)COC(=O)C1=CC=CC=C1C(=O)OCC(C)C
2,2,100,0,0,0,0,0,CC(C)CC1=CC=C(C=C1)C(C)C(=O)O
2,6,6,6,2,2,2,0,C1=CC=C(C=C1)OC(=O)C2=CC(=CC=C2)C(=O)OC3=CC=CC=C3
100,0,100,0,0,0,0,0,C1=CC=C(C=C1)N2C(=O)C(=C(C=N2)N)Cl
2,18,7,7,2,2,13,0,COC1C(CC2CN3CCC4=C(C3CC2C1C(=O)OC)NC5=C4C=CC(=C5)OC)OC(=O)C6=CC(=C(C(=C6)OC)OC)OC
2,5,5,5,1,1,1,0,C1CCC(CC1)OC(=O)C2=CC=CC=C2C(=O)OC3CCCCC3
2,7,7,7,3,3,3,0,COC(=O)C1=CC=C(C=C1)C(=O)OC
2,5,5,5,1,1,1,0,CCCCCCCCOC(=O)C1=CC=CC=C1C(=O)OCCCCCCCC
2,2,100,0,0,0,0,0,CCCCCCOC(=O)C1=CC=CC=C1
2,6,6,6,2,2,2,0,COC(=O)C1=CC(=CC=C1)C(=O)OC
100,0,100,0,0,0,0,0,CCCCCCC(=O)CCC
3,3,100,0,0,0,0,0,CC(C)(C)C(=O)C(N1C=CN=C1)OC2=CC=C(C=C2)Cl
9,9,100,0,0,0,3,3,C1CN(CCC1(C2=CC=C(C=C2)Cl)O)CCCC(=O)C3=CC=C(C=C3)F
2,8,5,8,0,0,0,0,COC(=O)[C@H](CC1=CC=CC=C1)NC(=O)[C@H](CC(=O)O)N
2,2,100,0,0,0,0,0,C1CC1C#CC2(C3=C(C=CC(=C3)Cl)NC(=O)O2)C(F)(F)F
2,11,11,11,4,4,4,0,CCC(C)(C)C(=O)OC1CC(C=C2C1C(C(C=C2)C)CCC3CC(CC(=O)O3)O)C
2,2,100,0,0,0,0,0,CC(C(=NOC(=O)NC)C)SC
11,11,11,11,8,8,8,8,CC(=O)C1CCC2C1(CCC3C2CCC4=CC(=O)CCC34C)C
4,4,4,4,2,2,2,2,CN1C=NC2=C1C(=O)N(C(=O)N2C)C
2,2,100,0,0,0,0,0,COP(=O)(N)SC
2,2,100,0,0,0,0,0,CCCCCCCCCCCC(=O)O
2,2,100,0,0,0,0,0,C1=C(NC=N1)CC(C(=O)O)N
5,5,100,0,0,0,2,2,CNCC(C1=CC(=CC=C1)O)O.Cl
2,2,100,0,0,0,0,0,CCCCCCCCCCCCCC(=O)O
3,6,100,0,0,0,3,1,C1(C(C(OC(C1O)O)C(=O)O)O)O
11,11,100,0,0,0,5,5,CC1=CC(=C(C=C1)O)N=NC2=CC=C(C=C2)NC(=O)C
3,6,5,5,3,3,4,1,C1=CC=C2C(=C1)C(=O)C3=C(C2=O)C(=C(C=C3)O)O
2,7,7,7,0,0,0,0,CC(C)COC(=O)CCCCC(=O)OCC(C)C
2,6,6,6,0,0,0,0,C(CC(=O)N)[C@@H](C(=O)O)N
2,2,100,0,0,0,0,0,CCCCCCCCCCCCCCCC(=O)O
2,12,5,12,0,0,0,0,C(CC(=O)NC(CS)C(=O)NCC(=O)O)C(C(=O)O)N
2,10,6,10,6,3,6,0,C1=CC2=C(C=C1[N+](=O)[O-])C(=O)C3=C2C=CC(=C3)[N+](=O)[O-]
4,4,4,4,2,2,2,2,C1=CC=C2C(=C1)C=CC(=N2)C3C(=O)C4=CC=CC=C4C3=O
5,5,5,5,3,3,3,3,C1=CC(=C2C(=C1N)C(=O)C3=C(C=CC(=C3C2=O)N)N)N
5,5,100,0,0,0,2,2,C1=CC=C2C(=C1)C(=C(N2)C3=NC4=CC=CC=C4C3=O)O
2,23,2,23,13,0,13,0,C1=CC=C(C=C1)C(=O)NC2=C3C(=CC(=C2)S(=O)(=O)[O-])C=C(C(=C3O)N=NC4=C(C=CC(=C4)NC5=NC(=NC(=N5)NC6=CC=C(C=C6)S(=O)(=O)[O-])Cl)S(=O)(=O)[O-])S(=O)(=O)[O-].[Na+].[Na+].[Na+].[Na+]
2,2,100,0,0,0,0,0,C1=CC=C(C(=C1)CC(=O)O)NC2=C(C=CC=C2Cl)Cl
100,0,100,0,0,0,0,0,CCCCN1CCCCC1C(=O)NC2=C(C=CC=C2C)C
2,5,5,5,1,1,1,0,CC(C)CCCCCCCOC(=O)C1=CC=CC=C1C(=O)OCCCCCCCC(C)C
2,11,2,7,1,0,3,0,CC1=NC(=NC(=N1)OC)NC(=O)NS(=O)(=O)C2=CC=CC=C2C(=O)OC
100,0,100,0,0,0,0,0,CN(C)C(=O)NC1=CC=C(C=C1)Cl
2,2,2,2,0,0,0,0,CC1=CC=C(C=C1)N(SC(F)(Cl)Cl)S(=O)(=O)N(C)C
4,4,4,4,2,2,2,2,C1=CC=C2C(=C1)C(=O)N(C2=O)SC(Cl)(Cl)Cl
2,16,2,16,9,0,9,0,C1=CC(=CC=C1N=NC2C(=NN(C2=O)C3=CC=C(C=C3)S(=O)(=O)[O-])C(=O)[O-])S(=O)(=O)[O-].[Na+].[Na+].[Na+]
2,18,2,6,0,0,8,0,CC(CCC(=O)NCCS(=O)(=O)O)C1CCC2C1(C(CC3C2C(CC4C3(CCC(C4)O)C)O)O)C
100,0,100,0,0,0,0,0,CC(C)(C)C1=NN=C(N(C1=O)N)SC
2,2,100,0,0,0,0,0,C1=CC(=CC=C1C(=O)O)N
2,5,5,5,1,1,1,0,COC(=O)C1=CC=CC=C1C(=O)O
3,12,11,11,8,8,8,0,CC12CC(C3C(C1CCC2(C(=O)CO)O)CCC4=CC(=O)C=CC34C)O
2,5,100,0,0,0,0,0,CC(=C)C(=O)OCC1CO1
2,5,5,5,1,1,1,0,CCCCCCCCOC(=O)C1=CC=CC=C1C(=O)OCCCC
3,3,3,3,1,1,1,1,C1=CC=C2C(=C1)C(=O)C(=O)N2
2,2,2,2,0,0,0,0,CN(C)S(=O)(=O)N(C1=CC=CC=C1)SC(F)(Cl)Cl
2,6,6,6,1,1,1,0,CC(=O)OC1=CC=CC=C1C(=O)O
4,4,4,4,2,2,2,2,C1C=CCC2C1C(=O)N(C2=O)SC(Cl)(Cl)Cl
2,2,100,0,0,0,0,0,C1=CC(=CN=C1)C(=O)O
2,2,100,0,0,0,0,0,C1=CC=C(C=C1)C(=O)O
3,8,100,0,0,0,4,1,COC1=C(C=CC(=C1)C=CC(=O)O)O
2,4,100,0,0,0,1,0,COC1=C(C=CC(=C1C(=O)O)Cl)Cl
100,0,100,0,0,0,0,0,CCCCC(=O)CCC
4,4,4,4,2,2,2,2,CC12CC1(C(=O)N(C2=O)C3=CC(=CC(=C3)Cl)Cl)C
2,8,5,8,3,1,3,0,CC1(C(N2C(S1)C(C2=O)NC(=O)C(C3=CC=CC=C3)N)C(=O)O)C
3,6,100,0,0,0,3,1,C1=C(C=C(C(=C1O)O)O)C(=O)O
2,8,2,8,4,0,4,0,C1=CC=C2C(=C1)C=CC=C2N=NC3=C4C=CC(=CC4=CC(=C3O)S(=O)(=O)[O-])S(=O)(=O)[O-].[Na+].[Na+]
100,0,100,0,0,0,0,0,CN1CN(C(=S)SC1)C
2,5,5,5,0,0,0,0,C1=CC=C(C=C1)C(=O)NCC(=O)O
3,8,100,0,0,0,3,0,CCCCOC1=CC=C(C=C1)CC(=O)NO
2,4,4,4,1,1,1,0,CN1CC2CC1CN2C3=C(C=C4C(=C3)N(C=C(C4=O)C(=O)O)C5CC5)F
3,10,100,0,0,0,3,0,CC(C)NCC(COC1=CC=C(C=C1)CC(=O)N)O
2,2,100,0,0,0,0,0,CCCCCCCCC(=O)O
100,0,100,0,0,0,0,0,CCCCN(CCCC)C=O
100,0,100,0,0,0,0,0,CCCCCC[N+](CCCCCC)(CCCCCC)CCCCCC
100,0,100,0,0,0,0,0,CCCC[N+](CCCC)(CCCC)CCCC
100,0,100,0,0,0,0,0,CCC[N+](CCC)(CCC)CCC
100,0,100,0,0,0,0,0,CCCCN(CCCC)CCCC
100,0,100,0,0,0,0,0,C1=CC=C(C=C1)NC(=NC2=CC=CC=C2)N
100,0,100,0,0,0,0,0,CCCN(CCC)CCC
100,0,100,0,0,0,0,0,C1=CC=C2C(=C1)C=C3C=CC=CC3=N2
100,0,100,0,0,0,0,0,C1=CC=C(C=C1)NC2=CC=CC=C2
100,0,100,0,0,0,0,0,C1=CC=C2C(=C1)C=CC=C2N
100,0,100,0,0,0,0,0,C1CCC2=NCCCN2CC1
100,0,100,0,0,0,0,0,CC[N+](CC)(CC)CC
100,0,100,0,0,0,0,0,CC1=CC(=NC(=C1)C)C
100,0,100,0,0,0,0,0,CN(C)C(=N)N(C)C
2,2,100,0,0,0,0,0,CC1=CC(=CC(=C1SC)C)OC(=O)NC
100,0,100,0,0,0,0,0,CN(C)C1=CC=CC=C1
100,0,100,0,0,0,0,0,C1=CC=C(C=C1)N(C2=CC=CC=C2)C3=CC=CC=C3
2,2,100,0,0,0,0,0,C1=CC(=C(C=C1N)[N+](=O)[O-])F
100,0,100,0,0,0,0,0,CCN(CC)CC
2,2,100,0,0,0,0,0,C1=CC(=CC(=C1)[N+](=O)[O-])N
100,0,100,0,0,0,0,0,C1=CC=C(C=C1)CN
100,0,100,0,0,0,0,0,CC1=NC(=CC=C1)C
2,2,2,2,0,0,0,0,C1=CC(=CC=C1N)S(=O)(=O)N
100,0,100,0,0,0,0,0,C1=CC=C(C=C1)C(=O)C2=CC=CC=C2
100,0,100,0,0,0,0,0,C1CCNCC1
100,0,100,0,0,0,0,0,CC1=CC=CC=N1
100,0,100,0,0,0,0,0,CN1CCCCC1
2,2,100,0,0,0,0,0,C1=CC(=CC=C1N)[N+](=O)[O-]
2,6,6,6,0,0,0,0,COC(=O)CCCC(=O)OC
100,0,100,0,0,0,0,0,C1=CC=C(C=C1)C(=O)N
100,0,100,0,0,0,0,0,C1CCNC1
100,0,100,0,0,0,0,0,C1=CC=C(C=C1)C(=O)NC2=CC=CC=C2
2,2,100,0,0,0,0,0,C1=CC=C(C(=C1)N)[N+](=O)[O-]
2,2,100,0,0,0,0,0,C1=CC(=C(C=C1Cl)[N+](=O)[O-])N
100,0,100,0,0,0,0,0,C[N+](C)(C)C
2,5,5,5,0,0,0,0,COC(=O)CCC(=O)OC
100,0,100,0,0,0,0,0,C(=N)(N)N
100,0,100,0,0,0,0,0,CN(C)C
2,4,4,4,0,0,0,0,COC(=O)CC(=O)OC
100,0,100,0,0,0,0,0,C1=CC=C(C(=C1)C#N)O
2,6,6,6,2,2,2,0,C1=CC(=C(C=C1[N+](=O)[O-])[N+](=O)[O-])N
4,4,100,0,0,0,2,2,COC1=NC(=CC=C1)OC
100,0,100,0,0,0,0,0,CCN
100,0,100,0,0,0,0,0,C1=CC(=CN=C1)Cl
100,0,100,0,0,0,0,0,COC1=CC=CC=N1
100,0,100,0,0,0,0,0,C1=CC=NC(=C1)Cl
2,2,100,0,0,0,0,0,CCOC(=O)C1=CC=CC=C1
2,2,100,0,0,0,0,0,COC(=O)C1=CC=CC=C1
100,0,100,0,0,0,0,0,CN(C)C1=CC(=CC=C1)OC
100,0,100,0,0,0,0,0,C1=CC=C2C(=C1)C=CC=N2
2,2,100,0,0,0,0,0,C1=CC(=CC(=C1)N)C(=O)O
100,0,100,0,0,0,0,0,CC1=NC2=C(C=CC=C2N)C=C1
100,0,100,0,0,0,0,0,C1=CC=C2C(=C1)NC(=N2)N
100,0,100,0,0,0,0,0,C1=CC=C(C=C1)NC2=CC=C(C=C2)C3=CC=C(C=C3)NC4=CC=CC=C4
2,6,6,6,2,2,2,0,C1=C(C=C(C(=C1[N+](=O)[O-])N)[N+](=O)[O-])[N+](=O)[O-]
100,0,100,0,0,0,0,0,C1=CC=NC(=C1)N
100,0,100,0,0,0,0,0,CN(C)C1=CC=C(C=C1)N(C)C
4,4,100,0,0,0,0,0,C(C(CO)(CO)N)O
100,0,100,0,0,0,0,0,CN(C)C1=CC=C(C=C1)N
100,0,100,0,0,0,0,0,C1=CC(=CN=C1)O
2,2,100,0,0,0,0,0,CN(C)C1=CC=CC(=C1)C(=O)O
100,0,100,0,0,0,0,0,C1=CC=NC(=C1)C2=CC=CC=N2
100,0,100,0,0,0,0,0,C1=CC=C(C=C1)N=NC2=C(C=CC3=CC=CC=C32)O
100,0,100,0,0,0,0,0,C1=CC=C(C=C1)NC(=NC2=CC=CC=C2)NC3=CC=CC=C3
2,10,10,10,0,0,0,0,C(CCCC(=O)O)CCCC(=O)O
2,4,4,4,0,0,0,0,CCOC=C(C(=O)OCC)C(=O)OCC
100,0,100,0,0,0,0,0,CCN(C1=CC=CC=C1)C(=O)N(CC)C2=CC=CC=C2
100,0,100,0,0,0,0,0,C1=CC(=CN=C1)N
100,0,100,0,0,0,0,0,CC1=CC(=C(C=C1)N=NC2=C(C=CC3=CC=CC=C32)O)C
100,0,100,0,0,0,0,0,C1=CC=C(C=C1)N=NC2=CC=C(C=C2)N=NC3=C(C=CC4=CC=CC=C43)O
100,0,100,0,0,0,0,0,CC1=CC=CC=C1N=NC2=CC(=C(C=C2)N=NC3=C(C=CC4=CC=CC=C43)O)C
2,5,2,2,0,0,1,0,CC1=CC(=NO1)NS(=O)(=O)C2=CC=C(C=C2)N
5,5,5,5,3,3,3,3,C1=CC=C2C(=C1)C(=O)C3=CC=CC=C3C2=O
3,16,100,0,0,0,6,1,CC(C)C(CCCN(C)CCC1=CC(=C(C=C1)OC)OC)(C#N)C2=CC(=C(C=C2)OC)OC
2,2,100,0,0,0,0,0,CC(C)CC(C(=O)O)N
2,2,100,0,0,0,0,0,C1=CC=C(C=C1)CC(C(=O)O)N
2,2,100,0,0,0,0,0,C(CC(C(=O)O)N)CN=C(N)N
2,2,100,0,0,0,0,0,CCC(C)C(C(=O)O)N
2,2,100,0,0,0,0,0,CSCCC(C(=O)O)N
2,2,100,0,0,0,0,0,CC(C)C(C(=O)O)N
2,2,100,0,0,0,0,0,C1CC(NC1)C(=O)O
2,2,100,0,0,0,0,0,C1=CC=C2C(=C1)C(=CN2)CC(C(=O)O)N
2,2,100,0,0,0,0,0,C(CCN)C[C@@H](C(=O)O)N
2,8,100,0,0,0,3,0,C1=CC(=CC=C1CC(C(=O)O)N)O
2,6,6,6,0,0,0,0,C(CC(=O)O)C(C(=O)O)N
2,4,100,0,0,0,0,0,CC(C(C(=O)O)N)O
2,5,5,5,0,0,0,0,C([C@@H](C(=O)O)N)C(=O)O
2,2,100,0,0,0,0,0,C[C@@H](C(=O)O)N
2,2,100,0,0,0,0,0,C(CN)C(=O)O
2,4,100,0,0,0,0,0,C([C@@H](C(=O)O)N)O
2,5,5,5,0,0,0,0,C(C(C(=O)O)N)C(=O)N
2,2,100,0,0,0,0,0,C(C(=O)O)N
2,2,100,0,0,0,0,0,C(C(C(=O)O)N)S
2,8,5,8,0,0,0,0,CC(=O)NCC(=O)NC(CCCCN)C(=O)OC
2,11,5,11,1,1,1,0,C1CC(N(C1)C(=O)CN)C(=O)NCC(=O)NCC(=O)O
2,8,5,8,0,0,0,0,C(C(=O)NCC(=O)NCC(=O)O)N
2,8,8,8,0,0,0,0,CCCC(=O)OCC(COC(=O)CCC)OC(=O)CCC
100,0,100,0,0,0,0,0,C1=CC2=C(C3=C(C=CC=N3)C=C2)N=C1
2,8,8,8,0,0,0,0,CC(=O)OCC(COC(=O)C)OC(=O)C
2,7,7,7,0,0,0,0,CC(=O)OCCOC(=O)C
2,6,100,0,0,0,3,0,COC1=CC=C(C=C1)C(=O)O
100,0,100,0,0,0,0,0,C1=CC=C(C=C1)CNCC2=CC=CC=C2
100,0,100,0,0,0,0,0,CCN(CC)CC(=O)NC1=C(C=CC=C1C)C
100,0,100,0,0,0,0,0,CCN(CC)C(=O)C1=CN=CC=C1
100,0,100,0,0,0,0,0,CCN(CC)C(=S)SSC(=S)N(CC)CC
100,0,100,0,0,0,0,0,CC(C)NCC1=CC=CC=C1
6,6,100,0,0,0,3,3,COC1=CC2=C(C=CN=C2C=C1)C(C3CC4CCN3CC4C=C)O
4,4,4,4,2,2,2,2,C1=CC=C(C=C1)C2(C(=O)NC(=O)N2)C3=CC=CC=C3
100,0,100,0,0,0,0,0,CC1=C(SC=[N+]1CC2=CN=C(N=C2N)C)CCO
4,5,100,0,0,0,1,1,CC1=NC=C(C(=C1O)C=O)CO
5,5,100,0,0,0,2,2,CC1=NC=C(C(=C1O)CN)CO
4,5,100,0,0,0,1,1,CC1=NC=C(C(=C1O)CO)CO
2,2,100,0,0,0,0,0,CC(=O)OCC[N+](C)(C)C
3,3,100,0,0,0,1,1,C1=CC(=C(C=C1CCN)O)O
100,0,100,0,0,0,0,0,C1=CC(=CN=C1)C(=O)N
3,4,100,0,0,0,2,1,COC1=CC=CC(=C1O)O
3,3,100,0,0,0,1,1,CC1=CC(=C(C=C1)O)O
100,0,100,0,0,0,0,0,C1=CN=CC=C1N
2,5,5,5,1,1,1,0,C1=CC=C(C(=C1)C(=O)O)[N+](=O)[O-]
100,0,100,0,0,0,0,0,CC1=CC=C(C=C1)N
2,5,5,5,1,1,1,0,C1=CC=C(C(=C1)C(=O)O)C(=O)O
100,0,100,0,0,0,0,0,COC1=CC=NC=C1
2,2,100,0,0,0,0,0,C1=C(NC=N1)[N+](=O)[O-]
2,2,100,0,0,0,0,0,C1=CC=C(C(=C1)C(=O)O)N
100,0,100,0,0,0,0,0,C1=CC(=CC=C1N)O
100,0,100,0,0,0,0,0,C1=CC(=CC=C1N)Cl
100,0,100,0,0,0,0,0,CC1=CC=CC=C1N
2,2,100,0,0,0,0,0,C1=CN=CC=C1CCC(=O)O
2,2,100,0,0,0,0,0,C1=CN=C(N1)[N+](=O)[O-]
2,7,7,7,3,3,3,0,C1=CC(=CC=C1C(=O)O)C(=O)O
2,6,100,0,0,0,3,0,C1=CC(=CC=C1C(=O)O)O
100,0,100,0,0,0,0,0,C1=CC=C(C(=C1)N)Cl
100,0,100,0,0,0,0,0,CCCCCCCN
100,0,100,0,0,0,0,0,CCCCCCN
100,0,100,0,0,0,0,0,CCCCCN
100,0,100,0,0,0,0,0,CCCCN
100,0,100,0,0,0,0,0,C1=NC2=NC=NC(=C2N1)N
100,0,100,0,0,0,0,0,C1=CC=NN=C1
100,0,100,0,0,0,0,0,C1=CC=C2C(=C1)NC=N2
100,0,100,0,0,0,0,0,C1=CC=C2C(=C1)C=NC=N2
100,0,100,0,0,0,0,0,C1=CC=C2C(=C1)C=CC3=C2N=CC=C3
100,0,100,0,0,0,0,0,C1=CC=C2C(=C1)C=NN2
100,0,100,0,0,0,0,0,C1=CC=C2C(=C1)C(=O)C3=CC=CC=C3N2
2,2,100,0,0,0,0,0,C1=CC2=C(C=C1[N+](=O)[O-])NN=C2
100,0,100,0,0,0,0,0,C1=CC=C(C=C1)N=NC2=CC=C(C=C2)O
4,4,4,4,2,2,2,2,C1=CNC(=O)NC1=O
100,0,100,0,0,0,0,0,C1=CC=C2C(=C1)C=CC(=N2)C3=NC4=CC=CC=C4C=C3
2,2,100,0,0,0,0,0,C1=CC2=C(C=C1[N+](=O)[O-])NC=N2
100,0,100,0,0,0,0,0,C1=CN=CC=N1
100,0,100,0,0,0,0,0,C1=C(NC(=O)N=C1)N
2,2,100,0,0,0,0,0,C1=NNC(=N1)[N+](=O)[O-]
4,4,4,4,2,2,2,2,CC1=CNC(=O)NC1=O
100,0,100,0,0,0,0,0,C1=CC=C2C(=C1)N=CC=N2
100,0,100,0,0,0,0,0,C1=CC=C2C=NN=CC2=C1
2,2,2,2,0,0,0,0,CCCCC1=C(N=C(N=C1OS(=O)(=O)N(C)C)NCC)C
2,5,5,5,0,0,0,0,CC1=C(C(=CC=C1)C)N(C(C)C(=O)OC)C(=O)CC2=CC=CC=C2
100,0,100,0,0,0,0,0,CC(=NC#N)N(C)CC1=CN=C(C=C1)Cl
3,3,100,0,0,0,0,0,CC(C)(C)C(C(N1C=NC=N1)OC2=CC=C(C=C2)C3=CC=CC=C3)O
100,0,100,0,0,0,0,0,CC(C)N1C(=NC(C)(C)C)SCN(C1=O)C2=CC=CC=C2
100,0,100,0,0,0,0,0,CN1CCN2C(C1)C3=CC=CC=C3CC4=CC=CC=C42
2,7,7,7,2,2,2,0,CC(=O)NC1=NC=C(S1)[N+](=O)[O-]
4,4,100,0,0,0,2,2,C1CN2CC3=CCOC4CC(=O)N5C6C4C3CC2C61C7=CC=CC=C75
2,2,100,0,0,0,0,0,CC1=C(C(=O)ON1)N=NC2=CC=CC=C2Cl
3,15,100,0,0,0,8,1,C1C(C(C(C(C1NC2C=C(C(C(C2O)O)O)CO)O)O)OC3C(C(C(C(O3)CO)O)O)O)CO
2,6,6,6,0,0,0,0,C(C(=O)O)NCP(=O)(O)O
2,2,100,0,0,0,0,0,C(N)P(=O)(O)O
100,0,100,0,0,0,0,0,C=CCOC(CN1C=CN=C1)C2=C(C=C(C=C2)Cl)Cl
4,4,4,4,2,2,2,2,C1C=CCC2C1C(=O)N(C2=O)SC(C(Cl)Cl)(Cl)Cl
2,2,100,0,0,0,0,0,COC(=O)NC1=NC2=CC=CC=C2N1
100,0,100,0,0,0,0,0,C1=CC=C(C(=C1)C2=NN=C(N=N2)C3=CC=CC=C3Cl)Cl
100,0,100,0,0,0,0,0,C1CC1NC2=NC(=NC(=N2)N)N
2,4,4,4,2,2,1,0,CCOP(=S)(N1C(=O)C2=CC=CC=C2C1=O)OCC
100,0,100,0,0,0,0,0,CC1CN(CC(O1)C)CC(C)CC2=CC=C(C=C2)C(C)(C)C
100,0,100,0,0,0,0,0,C1=CC2=C(C=C1F)C(=O)N(C(=N2)N3C=NC=N3)C4=C(C=C(C=C4)Cl)Cl
100,0,100,0,0,0,0,0,C[Si](CN1C=NC=N1)(C2=CC=C(C=C2)F)C3=CC=C(C=C3)F
7,7,100,0,0,0,3,3,CC1(CCCCC1)C(=O)NC2=C(C(=C(C=C2)O)Cl)Cl
100,0,100,0,0,0,0,0,CCOC1=CC2=C(C=C1)NC(C=C2C)(C)C
2,12,4,9,3,0,6,0,COC(=O)C12CC3=C(C1=NN(CO2)C(=O)N(C4=CC=C(C=C4)OC(F)(F)F)C(=O)OC)C=CC(=C3)Cl
100,0,100,0,0,0,0,0,CC#CC1=NC(=NC(=C1)C)NC2=CC=CC=C2
2,8,8,8,3,3,3,0,CC1=CC(=CC(=C1S(=O)C)C)OC(=O)NC
2,8,2,8,3,0,3,0,CC1=CC(=CC(=C1S(=O)(=O)C)C)OC(=O)NC
100,0,100,0,0,0,0,0,CC(C)(C)C(C(CC1=CC=C(C=C1)Cl)N2C=NC=N2)O
2,2,100,0,0,0,0,0,CCCOC(=O)NCCCN(C)C
2,2,100,0,0,0,0,0,CCCC1COC(O1)(CN2C=NC=N2)C3=C(C=C(C=C3)Cl)Cl
2,9,100,0,0,0,4,0,CCOC(=O)C1=CN2C(=CC(=N2)OP(=S)(OCC)OCC)N=C1C
100,0,100,0,0,0,0,0,CC1=CC(=NC(=N1)NC2=CC=CC=C2)C
2,2,100,0,0,0,0,0,CCCCCCCCSC(=O)OC1=CC(=NN=C1C2=CC=CC=C2)Cl
2,7,4,4,0,0,0,0,CCOC(=O)N(C)C(=O)CSP(=S)(OCC)OCC
2,2,100,0,0,0,0,0,CCN(CC)C1=NC(=CC(=N1)OP(=S)(OCC)OCC)C
3,5,100,0,0,0,1,1,CC(C)OC1=CC=CC=C1OC(=O)NC
2,6,6,6,0,0,0,0,CCS(=O)CCSP(=O)(OC)OC
2,8,2,2,0,0,4,0,CCOC1C(C2=C(O1)C=CC(=C2)OS(=O)(=O)C)(C)C
2,2,100,0,0,0,0,0,CCCSP(=O)(OCC)SCCC
2,8,100,0,0,0,3,0,CCOP(=S)(OCC)OC1=CC=C(C=C1)[N+](=O)[O-]
2,5,100,0,0,0,0,0,CCOC(=O)C(C1=CC=CC=C1)SP(=S)(OC)OC
2,2,100,0,0,0,0,0,CCOP(=S)(OCC)SCSCC
2,6,100,0,0,0,3,0,COC(=O)C1=CC=C(C=C1)O
2,6,100,0,0,0,3,0,CCOC(=O)C1=CC=C(C=C1)O
4,4,100,0,0,0,1,1,COC1=CC=CC=C1C=O
2,5,5,5,1,1,1,0,C1=CC=C(C(=C1)C=O)[N+](=O)[O-]
2,7,7,7,3,3,3,0,C1=CC(=CC=C1C=O)[N+](=O)[O-]
2,6,100,0,0,0,3,0,CCCOC(=O)C1=CC=C(C=C1)O
2,6,100,0,0,0,3,0,CCCCCCCOC(=O)C1=CC=C(C=C1)O
6,6,100,0,0,0,3,3,COC1=CC=C(C=C1)C=O
2,6,6,6,2,2,2,0,C1=CC(=CC(=C1)[N+](=O)[O-])C=O
6,6,100,0,0,0,3,3,C1=CC(=CC=C1C=O)O
2,2,100,0,0,0,0,0,C1=CC=C(C=C1)C=CC(=O)O
2,14,100,0,0,0,8,0,CC(CCC(=O)O)C1CCC2C1(C(CC3C2C(CC4C3(CCC(C4)O)C)O)O)C
100,0,100,0,0,0,0,0,C1=CC(=C(C(=C1)Cl)CC(=O)N=C(N)N)Cl
100,0,100,0,0,0,0,0,C1CN(CCN1CCCC2=CC=CC=C2)CCOC(C3=CC=CC=C3)C4=CC=CC=C4
2,2,100,0,0,0,0,0,CCOP(=S)(C1=CC=CC=C1)OC2=CC=C(C=C2)C#N
100,0,100,0,0,0,0,0,C[N+](C)(C)CCCl
5,5,5,5,0,0,0,0,CCC1=CC=C(C=C1)C(=O)NN(C(=O)C2=CC(=CC(=C2)C)C)C(C)(C)C
100,0,100,0,0,0,0,0,CC(C)N(C(C)C)C(=O)SCC(=C(Cl)Cl)Cl
100,0,100,0,0,0,0,0,C1=CC=C(C=C1)C(=N)N
2,2,100,0,0,0,0,0,C(CCC(=O)O)CCN
2,4,4,4,2,2,2,0,CC1(C(=O)N(C(=O)O1)C2=CC(=CC(=C2)Cl)Cl)C=C
100,0,100,0,0,0,0,0,C1CSC(=O)C1N
100,0,100,0,0,0,0,0,CCC(C)NC1=NC(=NC(=N1)NCC)Cl
100,0,100,0,0,0,0,0,CC1=NN=C(C(=O)N1N)C2=CC=CC=C2
100,0,100,0,0,0,0,0,CC1=CC(=NC(=N1)Cl)N(C)C
3,3,100,0,0,0,0,0,CN(C(=O)NC1=CC(=C(C=C1)Cl)Cl)OC
100,0,100,0,0,0,0,0,CCNC1=NC(=NC(=N1)Cl)NCC
100,0,100,0,0,0,0,0,CC(C)C1=CC=C(C=C1)NC(=O)N(C)C
100,0,100,0,0,0,0,0,CC(C)(C)NC1=NC(=NC(=N1)NC2CC2)SC
2,6,100,0,0,0,3,0,C1=CC=C(C=C1)OC2=C(C(=C(C=C2)[N+](=O)[O-])N)Cl
100,0,100,0,0,0,0,0,C1=CC=C(C(=C1)C2=CC=C(C=C2)Cl)NC(=O)C3=C(N=CC=C3)Cl
2,7,100,0,0,0,2,0,CC(C)C(C1=CC=C(C=C1)Cl)C(=O)OC(C#N)C2=CC(=CC=C2)OC3=CC=CC=C3
100,0,100,0,0,0,0,0,C1=CC(=C(C=C1Cl)Cl)C(CN2C=NC=N2)COC(C(F)F)(F)F
2,10,2,4,0,0,3,0,CC1=NC(=NC(=N1)OC)NC(=O)NS(=O)(=O)C2=CC=CC=C2OCCCl
2,2,100,0,0,0,0,0,CCOP(=S)(OCC)OC1=NN(C=N1)C2=CC=CC=C2
3,6,100,0,0,0,0,0,C([C@H]([C@H]([C@@H](C=O)O)O)O)O
3,7,100,0,0,0,0,0,C(C(C(C(C(=O)CO)O)O)O)O
2,10,100,0,0,0,5,0,C(C1C(C(C(C(O1)OC2C(OC(C(C2O)O)O)CO)O)O)O)O
3,14,4,4,0,0,4,0,C1=NC(=C2C(=N1)N(C=N2)C3C(C(C(O3)COP(=O)(O)OP(=O)(O)OCC4C(C(C(O4)O)O)O)O)O)N
2,6,100,0,0,0,3,0,C(C1C(C(C(C(O1)O)O)O)O)O
2,10,100,0,0,0,5,0,C(C1C(C(C(C(O1)OC2C(OC(C(C2O)O)O)CO)O)O)O)O
2,6,100,0,0,0,3,0,C(C1C(C(C(C(O1)O)O)O)O)O
2,6,100,0,0,0,3,0,C(C1C(C(C(C(O1)O)O)O)O)O
2,10,100,0,0,0,4,0,C(C1C(C(C(C(O1)OC2(C(C(C(O2)CO)O)O)CO)O)O)O)O
2,5,100,0,0,0,3,0,C1C(C(C(C(O1)O)O)O)O
2,8,6,8,3,2,3,0,CCC(C)C1=C(C(=CC(=C1)[N+](=O)[O-])[N+](=O)[O-])OC(=O)C=C(C)C
2,8,100,0,0,0,3,0,CC(C(=O)OC)OC1=CC=C(C=C1)OC2=C(C=C(C=C2)Cl)Cl
2,7,100,0,0,0,2,0,CC1(C(C1C(=O)OCC2=CC(=CC=C2)OC3=CC=CC=C3)C=C(Cl)Cl)C
2,6,100,0,0,0,3,0,CCCCOC(=O)C1=CC=C(C=C1)O
100,0,100,0,0,0,0,0,C1CSC(=NC#N)N1CC2=CN=C(C=C2)Cl
2,3,100,0,0,0,0,0,C1=CC=C(C=C1)C(C(=O)O)O
2,3,100,0,0,0,0,0,C1=CC=C(C=C1)C(C(=O)O)O
2,8,100,0,0,0,3,0,CC(=O)NC1C(C(C(OC1OC)CO)O)O
4,7,100,0,0,0,0,0,C([C@H]([C@H]([C@@H]([C@H](C=O)[18F])O)O)O)O
100,0,100,0,0,0,0,0,C1=CC=C2C(=C1)C(=CN2)CCO
100,0,100,0,0,0,0,0,CN1C=C2CCN=C3C2=C1C(=O)C(=C3Cl)N
2,7,7,7,0,0,0,0,C(CCC(=O)O)CC(=O)O
2,11,100,0,0,0,6,0,C(C1C(C(C(C(O1)O)OC2C(C(C(C(O2)CO)O)O)O)O)O)O
2,6,100,0,0,0,3,0,C(C1C(C(C(C(O1)O)O)O)O)O
2,10,2,2,0,0,6,0,C1=CC(=CC=C1O)S(=O)(=O)C2=CC=C(C=C2)O
5,10,10,10,8,8,8,3,CC12CCC(=O)C=C1CCC3C2C(CC4(C3CCC4=O)C)O
5,5,100,0,0,0,0,0,CCCCCCCCCCCCCCCC(=O)NCCO
2,7,7,7,0,0,0,0,CCCCCCCCCC(=O)OCC(CO)OC(=O)CCCCCCCCC
2,6,100,0,0,0,0,0,CCCCCCCCCCCC(=O)OCC(CO)O
2,6,100,0,0,0,0,0,CCCCCCCCCCCCCCCCCC(=O)OCC(CO)O
2,6,100,0,0,0,0,0,CCCCCCCCCCCCCCCC(=O)OCC(CO)O
2,6,100,0,0,0,0,0,CCCCCCCCCCCCCC(=O)OCC(CO)O
2,8,8,8,0,0,0,0,CCCCCCCCCCCCCCCCCC(=O)OCC(COP(=O)([O-])OCC[N+](C)(C)C)OC(=O)CCCCCCCCCCCCCCCCC
2,8,8,8,0,0,0,0,CCCCCCCCCCCCCCCC(=O)OCC(COP(=O)([O-])OCC[N+](C)(C)C)OC(=O)CCCCCCCCCCCCCCC
2,8,8,8,0,0,0,0,CCCCCCCCCCCC(=O)OCC(COP(=O)([O-])OCC[N+](C)(C)C)O
2,8,8,8,0,0,0,0,CCCCCCCCCCCCCCCC(=O)OCC(COP(=O)([O-])OCC[N+](C)(C)C)O
2,8,8,8,0,0,0,0,CCCCCCCCCCCCCCCCCC(=O)OCC(COP(=O)([O-])OCC[N+](C)(C)C)O
2,6,6,6,0,0,0,0,CCCCCCCCCCCC(=O)O[C@H](CC(=O)[O-])C[N+](C)(C)C
2,6,100,0,0,0,0,0,CCCCCCCCCCCCCCCCCCOCC(COP(=O)([O-])OCC[N+](C)(C)C)O
2,6,100,0,0,0,0,0,CCCCCCCCCCCCCCCCOCC(COP(=O)([O-])OCC[N+](C)(C)C)O
2,5,5,5,0,0,0,0,CCCCCCCCCCCCCCCC(=O)NCC(=O)O
2,7,7,7,0,0,0,0,CCCCCCCCCCCC(=O)OCC(CO)OC(=O)CCCCCCCCCCC
100,0,100,0,0,0,0,0,CCC(CCC(C)C1CCC2C1(CCC3C2CCC4C3(CCC(C4)O)C)C)C(C)C
100,0,100,0,0,0,0,0,CC(CCC=C(C)C)C1CCC2C1(CCC3C2CC=C4C3(CCC(C4)O)C)C
100,0,100,0,0,0,0,0,CC(CCC=C(C)C)C1CCC2C1(CCC3=C2CCC4C3(CCC(C4)O)C)C
100,0,100,0,0,0,0,0,CC(C)CCCC(C)C1CCC2C1(CCC3=C2CCC4C3(CCC(C4)O)C)C
100,0,100,0,0,0,0,0,CC(CCC=C(C)C)C1CCC2(C1(CCC3=C2CCC4C3(CCC(C4(C)C)O)C)C)C
100,0,100,0,0,0,0,0,CC(C)CCCC(C)C1CCC2(C1(CCC3=C2CCC4C3(CCC(C4(C)C)O)C)C)C
2,16,100,0,0,0,8,0,C[C@H](CCCC(C)C(=O)O)[C@H]1CC[C@@H]2[C@@]1(CC[C@H]3[C@H]2CC=C4[C@@]3(CC[C@@H](C4)O)C)C
2,14,100,0,0,0,3,0,C1C(C(C(C1O)C=CC(COC2=CC=CC(=C2)C(F)(F)F)O)CC=CCCCC(=O)O)O
2,13,10,10,1,1,2,0,CCCCCC(C)(C=CC1C(CC(=O)C1CCCCCCC(=O)O)O)O
2,14,6,14,1,1,1,0,C1[C@H]([C@@H]([C@H](C1=O)CCC(=O)O)CCC(=O)CCCCC(=O)O)O
2,13,10,10,2,2,3,0,CCCCCC(C=CC1C(CC(=O)C1CC=CCCCC(=O)O)O)O
2,13,10,10,1,1,2,0,CCCCCC(C=CC1C(CC(=O)C1CCCCCCC(=O)O)O)O
2,13,10,10,1,1,1,0,CCCCCC(CCC1C(CC(=O)C1CCCCCCC(=O)O)O)O
2,13,11,11,3,3,3,0,CCCCCC(C=CC1C(C(CC1=O)O)CC=CCCCC(=O)O)O
2,13,7,13,1,2,1,0,CCCCCC(=O)CCC1C(CC(=O)C1CCCCCCC(=O)O)O
2,13,4,11,2,2,1,0,C1CCC(CC1)C(CCN2C(C(=O)NC2=O)CCCCCCC(=O)O)O
2,14,100,0,0,0,3,0,C1C(C(C(C1O)C=CC(COC2=CC(=CC=C2)Cl)O)CC=CCCCC(=O)O)O
100,0,100,0,0,0,0,0,CC1=CCC(CC1)C(C)(C)O
3,6,100,0,0,0,0,0,C(C(C(C(CO)O)O)O)O
3,4,100,0,0,0,0,0,C(C(=O)CO)O
3,5,100,0,0,0,0,0,C(C(C(CO)O)O)O
3,5,100,0,0,0,0,0,C(C(C(CO)O)O)O
3,7,100,0,0,0,0,0,C(C(C(C(C(CO)O)O)O)O)O
3,4,100,0,0,0,0,0,C(C(C=O)O)O
3,3,100,0,0,0,1,1,COC1=CC=CC=C1O
3,7,100,0,0,0,1,1,COC1=CC=CC=C1OCC(CO)O
3,6,100,0,0,0,0,0,C(C(C(C(CO)O)O)O)O
3,7,100,0,0,0,0,0,C(C(C(C(C(CO)O)O)O)O)O
3,6,100,0,0,0,0,0,C(C(C(C(CO)O)O)O)O
3,5,100,0,0,0,3,1,C1(C(C(C(C(C1O)O)O)O)O)O
3,7,100,0,0,0,0,0,C(C(C(C(C(CO)O)O)O)O)O
12,12,100,0,0,0,9,9,CC1CCC2(CCC3(C(=CCC4C3(CCC5C4(CCC(C5(C)C)O)C)C)C2C1C)C)CO
3,8,100,0,0,0,3,1,COC1=C(C=CC(=C1)CC(C(=O)O)N)O
3,5,100,0,0,0,3,1,C1=C(C(=CC(=C1O)O)O)CCN
2,8,100,0,0,0,3,0,C1=CC(=C(C=C1CC(C(=O)O)N)O)O
3,7,100,0,0,0,3,1,COC1=C(C=CC(=C1)CC(=O)O)O
2,8,100,0,0,0,3,0,C1=CC(=C(C=C1CC(C(=O)O)N)O)O
3,6,100,0,0,0,3,1,COC1=C(C=CC(=C1)C(CN)O)O
5,5,100,0,0,0,2,2,CNCC(C1=CC(=CC=C1)O)O
100,0,100,0,0,0,0,0,C1=CC(=CC=C1CCN)O
3,7,100,0,0,0,3,1,COC1=C(C=CC(=C1)C(C(=O)O)O)O
4,10,100,0,0,0,7,2,C1C(C(OC2=CC(=CC(=C21)O)O)C3=CC(=C(C=C3)O)O)O
4,10,100,0,0,0,7,2,C1C(C(OC2=CC(=CC(=C21)O)O)C3=CC(=C(C=C3)O)O)O
4,4,100,0,0,0,2,2,C1=CC=C(C=C1)C2=CC(=O)C3=CC=CC=C3O2
2,20,100,0,0,0,12,0,C[C@H]1[C@@H]([C@H]([C@H]([C@@H](O1)OC[C@@H]2[C@H]([C@@H]([C@H]([C@@H](O2)OC3=CC(=C4C(=O)C[C@H](OC4=C3)C5=CC(=C(C=C5)OC)O)O)O)O)O)O)O)O
4,10,100,0,0,0,7,2,C1C(OC2=CC(=CC(=C2C1=O)O)O)C3=CC=C(C=C3)O
4,12,100,0,0,0,6,1,C1=CC(=CC=C1CCC(=O)C2=C(C=C(C=C2O)O)O)O
5,5,100,0,0,0,3,3,CC1=C(C2=C(CCC(O2)(C)CCCC(C)CCCC(C)CCCC(C)C)C(=C1O)C)C
7,7,100,0,0,0,3,3,C1=CC(=CC=C1CCO)O
4,4,100,0,0,0,2,2,C1=C(C=C(C=C1O)O)O
100,0,100,0,0,0,0,0,C[N+](C)(C)[O-]
100,0,100,0,0,0,0,0,CN1C=C(N=C1)CCN
100,0,100,0,0,0,0,0,CN1C=NC=C1CCN
2,5,5,5,0,0,0,0,C1=CC(=CN=C1)C(=O)NCC(=O)O
100,0,100,0,0,0,0,0,CNC(=O)C1=CN=CC=C1
100,0,100,0,0,0,0,0,CN(C)CCC(C1=CC=C(C=C1)Br)C2=CC=CC=N2
100,0,100,0,0,0,0,0,CN(C)C(=N)N=C(N)N
100,0,100,0,0,0,0,0,C(CCN=C(N)N)CN
100,0,100,0,0,0,0,0,CC(=O)NCCCNCCCCNCCCN
100,0,100,0,0,0,0,0,C1=CC=C(C=C1)C2=NC3=C(N=C(N=C3N=C2N)N)N
100,0,100,0,0,0,0,0,CN(C)CCCN1C2=CC=CC=C2CCC3=CC=CC=C31
3,6,5,5,0,0,0,0,C1=COC(=C1)C(=O)NCC(=O)O
2,5,5,5,0,0,0,0,C1=CC(=CC=C1C(=O)NCC(=O)O)N
2,5,5,5,0,0,0,0,CC(=O)NCC(=O)O
2,5,5,5,0,0,0,0,C1=CC=C(C=C1)CC(=O)NCC(=O)O
2,7,5,5,0,0,1,0,C1=CC=C(C(=C1)C(=O)NCC(=O)O)O
2,2,100,0,0,0,0,0,CN1C=C(N=C1)CC(C(=O)O)N
2,2,100,0,0,0,0,0,C(C(C(=O)O)N)N
2,2,100,0,0,0,0,0,C(CN)C(C(=O)O)N
2,2,100,0,0,0,0,0,C1=CC=C(C=C1)C(C(=O)O)N
2,8,100,0,0,0,3,0,C1=C(C=C(C(=C1I)O)I)C[C@@H](C(=O)O)N
2,2,100,0,0,0,0,0,CC(CN)C(=O)O
2,8,100,0,0,0,3,0,C1=CC(=C(C=C1CC(C(=O)O)N)Cl)O
2,2,100,0,0,0,0,0,CN1C=NC=C1CC(C(=O)O)N
2,2,100,0,0,0,0,0,C1=CC(=CN=C1)CC(=O)O
2,5,4,5,2,2,2,0,C1C(NC(=O)NC1=O)C(=O)O
2,2,100,0,0,0,0,0,C(CC(=O)O)CN=C(N)N
2,5,5,5,0,0,0,0,C(CC(=O)O)C(=O)CN
2,2,100,0,0,0,0,0,C(CCN)CC(=O)O
2,8,100,0,0,0,3,0,COC1=CC2=C(C=C1)NC=C2CC(C(=O)O)N
2,5,5,5,0,0,0,0,CC(=O)N[C@@H](CS)C(=O)O
2,6,5,6,0,0,0,0,C(C(=O)O)(NC(=O)N)NC(=O)N
2,5,5,5,0,0,0,0,C1=CC=C(C=C1)C(=O)NC(C(=O)O)O
2,12,5,12,1,0,1,0,C(CC(C(=O)O)N)CN=C(N)NC(CC(=O)O)C(=O)O
2,2,100,0,0,0,0,0,CC(C)C(CC(=O)O)N
2,8,8,8,0,0,0,0,C(CC(C(=O)O)N)CNC(=O)N
2,2,100,0,0,0,0,0,CN(CC(=O)O)C(=N)N
2,2,100,0,0,0,0,0,C(CC(C(=O)O)N)CN=C(N)N
2,6,6,6,0,0,0,0,C(CC(=O)N)C(C(=O)O)N
2,8,8,8,0,0,0,0,C(CC(C(=O)O)N)CC(C(=O)O)N
2,2,100,0,0,0,0,0,CN(C)CC(=O)O
2,2,100,0,0,0,0,0,CCCCCCC(C(=O)O)N
2,11,11,11,0,0,0,0,C(CSSCCC(C(=O)O)N)C(C(=O)O)N
2,2,100,0,0,0,0,0,C(CCN)CC(C(=O)O)N
2,2,100,0,0,0,0,0,C(CC(=O)O)CN
2,5,5,5,0,0,0,0,C(C(C(=O)O)N=C(N)N)C(=O)O
2,2,100,0,0,0,0,0,C(C(=O)O)N=C(N)N
2,9,9,9,0,0,0,0,C(CCNC(=O)N)CC(C(=O)O)N
2,2,100,0,0,0,0,0,C(CS)C(C(=O)O)N
2,2,100,0,0,0,0,0,C(CCN=C(N)N)CC(C(=O)O)N
2,8,5,5,0,0,2,0,C1=CC(=C(C(=C1)O)N)C(=O)CC(C(=O)O)N
2,5,100,0,0,0,2,0,C1C(CNC1C(=O)O)O
2,2,100,0,0,0,0,0,C(CS(=O)O)N
2,2,100,0,0,0,0,0,C1=C(NC=N1)CC(=O)O
2,8,100,0,0,0,3,0,C1=CC(=C(C=C1CC(C(=O)O)N)I)O
2,2,100,0,0,0,0,0,CCC(C)C(C(=O)O)N
2,4,100,0,0,0,0,0,CC(C(C(=O)O)N)O
2,9,9,9,0,0,0,0,C(CSCC(C(=O)O)N)C(C(=O)O)N
2,9,9,9,0,0,0,0,C(C(C(=O)O)N)SSCC(C(=O)O)N
2,5,4,5,2,2,2,0,C1C(NC(=O)NC1=O)C(=O)O
2,6,2,6,0,0,0,0,C(CS(=O)(=O)O)C(C(=O)O)N
2,11,11,11,0,0,0,0,C(CSSCCC(C(=O)O)N)C(C(=O)O)N
2,13,100,0,0,0,6,0,C1=CC(=C(C=C1OC2=C(C=C(C=C2I)CC(C(=O)O)N)I)I)O
2,5,5,5,0,0,0,0,C1=CC=C(C(=C1)C(=O)CC(C(=O)O)N)N
2,2,100,0,0,0,0,0,CCCCC(C(=O)O)N
2,6,6,6,0,0,0,0,CS(=O)CCC(C(=O)O)N
2,2,100,0,0,0,0,0,CSCC(C(=O)O)N
2,3,100,0,0,0,0,0,CCOC(=O)C(C)O
2,7,5,7,0,0,0,0,CC(=O)N[C@@H](CCC(=O)O)C(=O)O
2,5,5,5,0,0,0,0,CC(C(=O)O)NC(=O)C
2,6,6,6,0,0,0,0,CC(=O)NC(CC(=O)O)C(=O)O
2,5,5,5,0,0,0,0,CC(=O)NC(CC1=CC=CC=C1)C(=O)O
2,9,5,5,0,0,3,0,CC(=O)NC(CC1=CC=C(C=C1)O)C(=O)O
2,5,5,5,0,0,0,0,CC(=O)NC(CCCCN)C(=O)O
2,5,5,5,0,0,0,0,CSCCC(C(=O)O)NC=O
2,2,100,0,0,0,0,0,CC(C)(C(=O)O)NC
2,5,5,5,0,0,0,0,CN[C@H](CC(=O)O)C(=O)O
2,2,100,0,0,0,0,0,C(CC(C(=O)O)N)CN
2,6,100,0,0,0,1,0,C1=CC=C(C(=C1)CC(C(=O)O)N)O
2,2,100,0,0,0,0,0,C1=CC=NC(=C1)C(=O)O
2,2,100,0,0,0,0,0,C1CCNC(C1)C(=O)O
2,5,5,5,2,2,2,0,C1CC(=O)NC1C(=O)O
2,9,9,9,0,0,0,0,C(C(C(=O)O)N)[Se][Se]CC(C(=O)O)N
2,2,2,2,0,0,0,0,C(CS(=O)(=O)O)N
2,13,100,0,0,0,6,0,C1=C(C=C(C(=C1I)OC2=CC(=C(C(=C2)I)O)I)I)CC(C(=O)O)N
2,6,6,6,0,0,0,0,C(CNC(=O)N)C(=O)O
6,6,100,0,0,0,0,0,C(CO)NCCO
100,0,100,0,0,0,0,0,C1=C(NC=N1)CC(CO)N
3,10,100,0,0,0,3,0,CC(C)NCC(COC1=CC=C(C=C1)CCOC)O
3,9,6,6,0,0,0,0,CC(C)(CO)C(C(=O)NCCC(=O)O)O
3,3,100,0,0,0,0,0,CC(C)NCC(COC1=CC=CC2=CC=CC=C21)O
100,0,100,0,0,0,0,0,CC(C(C1=CC=CC=C1)O)NC
100,0,100,0,0,0,0,0,C1=C(NC=N1)CCN
2,2,100,0,0,0,0,0,CN1C=C(N=C1)CC(=O)O
2,5,5,5,0,0,0,0,C1=C(NC=N1)CC(C(=O)O)NC(=O)CCN
3,25,6,19,0,0,0,0,CC(C)(CO)C(C(=O)NCCC(=O)NCCSSCCNC(=O)CCNC(=O)C(C(C)(C)CO)O)O
2,9,5,9,0,0,0,0,C(CC(=O)NC(CS)C(=O)O)C(C(=O)O)N
2,5,5,5,0,0,0,0,CC(C)CC(C(=O)O)NC(=O)CN
2,5,5,5,1,1,1,0,C1CC(N(C1)C(=O)CN)C(=O)O
2,2,100,0,0,0,0,0,C[N+](C)(C)CC(=O)[O-]
100,0,100,0,0,0,0,0,C[N+](C)(C)CCO
2,4,100,0,0,0,0,0,C[N+](C)(C)CC(CC(=O)[O-])O
2,2,100,0,0,0,0,0,C[N+](C)(C)CCOP(=O)(O)O
2,12,6,12,0,0,0,0,C(CCNC(CCC(=O)O)C(=O)O)CC(C(=O)O)N
3,6,100,0,0,0,3,0,C1C(C(C(C(O1)CO)O)O)O
2,6,100,0,0,0,3,0,C(C1C(C(C(C(O1)O)O)O)O)O
3,6,3,4,2,1,2,1,C([C@@H]([C@@H]1C(=O)C(=O)C(=O)O1)O)O
2,6,100,0,0,0,3,0,C(C1C(C(C(C(O1)O)O)O)O)O
3,6,100,0,0,0,3,1,C1(C(C(OC(C1O)O)C(=O)O)O)O
2,6,6,6,2,2,2,0,C(=O)C(C1C(C(C(=O)O1)O)O)O
3,6,100,0,0,0,3,0,C1C(C(C(C(O1)(CO)O)O)O)O
2,6,100,0,0,0,3,0,C(C1C(C(C(C(=O)O1)O)O)O)O
2,7,2,2,0,0,2,0,C(C1C(C(C(C(O1)O)N)O)O)OS(=O)(=O)O
2,11,100,0,0,0,5,0,C(C1C(C(C(C(O1)OCC2C(C(C(C(O2)O)O)O)O)O)O)O)O
2,10,100,0,0,0,4,0,C(C1C(C(C(C(O1)OC2C(OC(C2O)(CO)O)CO)O)O)O)O
2,5,100,0,0,0,3,0,C1C(C(C(C(O1)O)O)O)O
2,5,100,0,0,0,3,0,CC1C(C(C(C(O1)O)O)O)O
3,6,100,0,0,0,3,0,C1C(C(C(C(O1)(CO)O)O)O)O
2,10,100,0,0,0,2,0,C(C1C(C(C(C(O1)OC(C(CO)O)C(C(CO)O)O)O)O)O)O
2,20,100,0,0,0,11,0,C(C1C(C(C(C(O1)OC2C(OC(C(C2O)O)OC3C(OC(C(C3O)O)OC4C(OC(C(C4O)O)O)CO)CO)CO)O)O)O)O
2,15,100,0,0,0,8,0,C(C1C(C(C(C(O1)OC2C(OC(C(C2O)O)OC3C(OC(C(C3O)O)O)CO)CO)O)O)O)O
2,11,100,0,0,0,5,0,C(C1C(C(C(C(O1)OCC2C(C(C(C(O2)O)O)O)O)O)O)O)O
2,8,100,0,0,0,3,0,CC(=O)NC1C(C(C(OC1O)CO)O)O
2,8,100,0,0,0,3,0,CC(=O)NC1C(C(C(OC1O)CO)O)O
3,8,8,8,3,3,2,0,CC(=O)NC1C(CC(OC1C(C(CO)O)O)(C(=O)O)O)O
2,15,100,0,0,0,6,0,C(C1C(C(C(C(O1)OCC2C(C(C(C(O2)OC3(C(C(C(O3)CO)O)O)CO)O)O)O)O)O)O)O
2,5,100,0,0,0,3,0,CC1C(C(C(C(O1)O)O)O)O
2,20,100,0,0,0,8,0,C(C1C(C(C(C(O1)OCC2C(C(C(C(O2)OCC3C(C(C(C(O3)OC4(C(C(C(O4)CO)O)O)CO)O)O)O)O)O)O)O)O)O)O
2,10,100,0,0,0,5,0,C(C1C(C(C(C(O1)OC2C(C(C(C(O2)CO)O)O)O)O)O)O)O
2,7,100,0,0,0,2,0,C(C1C(C(C(C(O1)O)N)O)O)OP(=O)(O)O
2,2,100,0,0,0,0,0,CCOC(=O)C1=CC=C(C=C1)CBr
100,0,100,0,0,0,0,0,C1=CC=C(C=C1)C=CC=O
3,3,100,0,0,0,1,1,CC=CC1=CC(=C(C=C1)O)OC
100,0,100,0,0,0,0,0,C1=CC=C2C(=C1)NC(=S)S2
100,0,100,0,0,0,0,0,CC=CC1=CC=C(C=C1)OC
100,0,100,0,0,0,0,0,CC=CC=CC=O
100,0,100,0,0,0,0,0,CC(=O)C=CC1=CC=CC=C1
100,0,100,0,0,0,0,0,CC(=CCCC(=CC=O)C)C
100,0,100,0,0,0,0,0,CC(=CCCC(=CCO)C)C
100,0,100,0,0,0,0,0,CC(C)C1=CC=C(C=C1)CC(C)C=O
4,4,4,4,0,0,0,0,CC(C(=O)C)C(=O)C1=CC=CC=C1
2,5,5,5,1,1,1,0,COC(=O)C=CC(=O)OC
2,5,5,5,1,1,1,0,CC(C)CCCCCCOC(=O)C1=CC=CC=C1C(=O)OCCCCCCC(C)C
2,8,8,8,0,0,0,0,CC(C(=O)NC)SCCSP(=O)(OC)OC
2,7,7,7,0,0,0,0,CCCCCCCCCCCCCCCC(=O)OCC(CO)OC(=O)CCCCCCCCCCCCCCC
3,8,100,0,0,0,4,1,COC1=C(C=C(C=C1)C=CC(=O)O)O
2,5,5,5,0,0,0,0,CC(C)CC(=O)NCC(=O)O
2,2,100,0,0,0,0,0,C1=C(NC=N1)C=CC(=O)O
2,6,100,0,0,0,0,0,C[N+](C)(C)CCOP(=O)([O-])OC[C@@H](CO)O
2,4,100,0,0,0,2,0,CCOC=C1C(=O)OC(=N1)C2=CC=CC=C2
100,0,100,0,0,0,0,0,CCCCCCC(=CC1=CC=CC=C1)C=O
2,13,7,7,2,2,6,0,C1C(C(C(CC1(C(=O)O)O)OC(=O)C=CC2=CC(=C(C=C2)O)O)O)O
100,0,100,0,0,0,0,0,C1(=NC(=S)NN1)N
100,0,100,0,0,0,0,0,C1=CC(=C(C=C1C(=O)Cl)Cl)F
2,10,6,10,6,2,6,0,C1C2=C(C(=CC(=C2)[N+](=O)[O-])[N+](=O)[O-])C3=C1C=C(C=C3[N+](=O)[O-])[N+](=O)[O-]
100,0,100,0,0,0,0,0,CCCCCCN1C=C[N+](=C1)C.[Cl-]
2,2,100,0,0,0,0,0,C[C@H](CCCC(C)C)[C@H]1CC[C@@H]2[C@@]1(CC[C@H]3[C@H]2CC=C4[C@@]3(CC[C@@H](C4)OC(=O)C)C)C
3,6,100,0,0,0,3,0,C1[C@H]([C@H]([C@@H](C(O1)(CO)O)O)O)O
2,4,100,0,0,0,2,0,C1C2C(C(C(C(O1)O2)O)O)O
2,2,2,2,0,0,0,0,CCCCCCCCCCCCOS(=O)(=O)[O-].[Na+]
2,7,100,0,0,0,1,0,C1=CC(=C(C=C1N)[N+](=O)[O-])NCCO
2,6,100,0,0,0,0,0,C(C(COC(=O)CS)O)O
2,2,100,0,0,0,0,0,CCCSC1=CC(=C(C=C1)N)[N+](=O)[O-]
2,9,100,0,0,0,3,0,COC=C(C1=CC=CC=C1OC2=NC=NC(=C2)OC3=CC=CC=C3C#N)C(=O)OC
100,0,100,0,0,0,0,0,C1=CC=C(C(=C1)C2C(O2)(CN3C=NC=N3)C4=CC=C(C=C4)F)Cl
2,11,11,11,1,1,1,0,COC(=O)NC(=S)NC1=CC=CC=C1NC(=S)NC(=O)OC
100,0,100,0,0,0,0,0,C1=CC(=CC=C1OC2=C3C(=CC(=CC3=NC=C2)Cl)Cl)F
2,9,100,0,0,0,3,0,CN1C2CC(CC1C3C2O3)OC(=O)C(CO)C4=CC=CC=C4
4,4,100,0,0,0,0,0,CCCCCCCCCCCCCCCC(C(CO)N)O
2,16,16,16,8,8,8,0,CC(CCCC(C)C(=O)O)C1CCC2C1(CCC3C2C(CC4=CC(=O)CCC34C)O)C
2,13,11,11,3,3,3,0,C1C(C(C(C1=O)C=CC(CCC2=CC=CC=C2)O)CC=CCCCC(=O)O)O
2,6,100,0,0,0,0,0,C(CC(C(=O)O)N)C(CN)O
100,0,100,0,0,0,0,0,CC1=NN(C(=O)C1)C2=CC(=C(C=C2)C)C
2,5,100,0,0,0,2,0,C1=CC(=C(C=C1O)[N+](=O)[O-])N
2,2,100,0,0,0,0,0,C1=CC(=C(C=C1N)[N+](=O)[O-])N
2,2,100,0,0,0,0,0,CCCCCCCCCCCCCCCC1=NC(C(=O)O1)(C)C
5,5,100,0,0,0,0,0,CCCCCCCCCCCCCCCCCC(=O)NC(CO)C(CCCCCCCCCCCCCCC)O
2,13,11,11,3,3,3,0,CCCCCC(C=CC1C(C(CC1=O)O)CC=CCCCC(=O)OC)O
2,6,2,2,0,0,3,0,C1OC2=C(O1)C=C(C=C2)S(=O)(=O)Cl
2,6,100,0,0,0,3,0,C1=C(C=C(C(=C1N)O)Cl)[N+](=O)[O-]
100,0,100,0,0,0,0,0,CC(C)CN1CCN2CCN(P1N(CC2)CC(C)C)CC(C)C
6,6,100,0,0,0,3,3,C1=CC=C(C=C1)C=CC(=O)C2=CC=C(C=C2)O
2,8,100,0,0,0,3,0,C1=CC(=C(C=C1O)[N+](=O)[O-])NCCO
4,6,100,0,0,0,3,1,C1=CC=C(C=C1)C=CC(=O)C2=C(C=C(C=C2)O)O
2,8,6,8,3,2,3,0,CCCCCCC(C)C1=C(C(=CC(=C1)[N+](=O)[O-])[N+](=O)[O-])OC(=O)/C=C/C
2,5,5,5,1,1,1,0,CCOC(=O)C=CC(=O)OCC
100,0,100,0,0,0,0,0,CCCCCCCC=CC=O
2,2,100,0,0,0,0,0,CCC=C1C2=CC=CC=C2C(=O)O1
100,0,100,0,0,0,0,0,CCC=CC=CC=O
100,0,100,0,0,0,0,0,CC(C)CC=C(C=O)C1=CC=CC=C1
100,0,100,0,0,0,0,0,CC(=CC1=CC=CC=C1)C=O
100,0,100,0,0,0,0,0,CCC/C=C/C=O
3,6,100,0,0,0,4,1,CN1CCC23C4C(=CC=C2C1CC5=C3C(=C(C=C5)O)O4)OC
2,2,100,0,0,0,0,0,CCC=CCC=CCC=CCCCCCCCC(=O)O
100,0,100,0,0,0,0,0,CCCCC(=CC1=CC=CC=C1)C=O
100,0,100,0,0,0,0,0,CC(=CCCC(=CCCC(=CC=O)C)C)C
2,2,100,0,0,0,0,0,CCCCCC=CCC=CCCCCCCCC(=O)O
2,2,100,0,0,0,0,0,C1=CC=C(C=C1)COC(=O)C=CC2=CC=CC=C2
3,5,100,0,0,0,3,0,CC(=CCC1C(O1)(C)C2(C(C(=O)CCC2(C)O)OC)O)C
100,0,100,0,0,0,0,0,C1=CC=C(C=C1)C=CCO
100,0,100,0,0,0,0,0,CC1=CCCC(C1C=C(C)C(=O)C)(C)C
100,0,100,0,0,0,0,0,CCC=CCCCCC=O
2,25,7,10,8,3,16,0,CCC1C(C=C(C=CC(=O)C(CC(C(C(C(CC(=O)O1)O)C)OC2C(C(C(C(O2)C)OC3CC(C(C(O3)C)O)(C)O)N(C)C)O)CC=O)C)C)COC4C(C(C(C(O4)C)O)OC)OC
2,2,100,0,0,0,0,0,CC(=NOC(=O)NC)SC
2,5,5,5,1,1,1,0,CC(=C(C)C(=O)[O-])C(=O)[O-]
4,6,100,0,0,0,0,0,C(C=O)C(C(CO)O)O
2,5,5,5,0,0,0,0,CC(C(=O)NC(C)C(=O)O)N
2,8,5,8,0,0,0,0,CC(C(=O)NC(C)C(=O)NC(C)C(=O)O)N
100,0,100,0,0,0,0,0,CCCCCCCC/C=C\CCCCCCCC(=O)N
2,16,11,16,11,5,11,0,CC1=C(C(=CC2=C(C(=C(N2)C=C3C(=C(C(=O)N3)C)C=C)C)CCC(=O)O)NC1=CC4=NC(=O)C(=C4C)C=C)CCC(=O)O
3,9,100,0,0,0,3,1,CCCCCC=CCC=CCC=CCC=CCCCC(=O)NCCC1=CC(=C(C=C1)O)O
2,6,100,0,0,0,0,0,CCCCCCCCC=CCCCCCCCC(=O)OCC(CO)O
2,6,100,0,0,0,0,0,CCCCCCCCCCCCCCCCCCCCCC(=O)OCC(CO)O
2,6,100,0,0,0,0,0,CCC=CCC=CCC=CCCCCCCCC(=O)OCC(CO)O
2,8,8,8,0,0,0,0,CCCCCCCCCCCCCC(=O)OCC(COP(=O)([O-])OCC[N+](C)(C)C)OC(=O)CCCCCCCCCCCCC
2,8,8,8,0,0,0,0,CCCCCC=CCC=CCCCCCCCC(=O)OCC(COP(=O)([O-])OCC[N+](C)(C)C)OC(=O)CCCCCCCC=CCC=CCCCCC
2,8,8,8,0,0,0,0,CCCCCCCCCCCCCCCC(=O)OCC(COP(=O)(O)OCCN)OC(=O)CCCCCCCC=CCCCCCCCC
2,8,8,8,0,0,0,0,CCCCCCCCCCCCCCCCCC(=O)OCC(COP(=O)(O)OCCN)OC(=O)CCCC=CCC=CCC=CCC=CCCCCC
4,4,100,0,0,0,0,0,CCCCCCCCCCCCCC=CC(C(CO)N)O
2,7,7,7,0,0,0,0,CCCCCCCCCCCCCCCCCC(=O)NC(COP(=O)(O)O)C(C=CCCCCCCCCCCCCC)O
2,7,7,7,0,0,0,0,CCCCCCCCCCCCCC=CC(C(COP(=O)(O)O)NC(=O)CCCCCCCCCCC)O
5,5,100,0,0,0,0,0,CCCCCCCCCCCCCC=CC(C(CO)NC(=O)CCCCCCCCCCCCC)O
5,5,100,0,0,0,0,0,CCCCCCCCCCCCCC=CC(C(CO)NC(=O)CCCCCCCC=CCCCCCCCC)O
2,7,7,7,0,0,0,0,CCCCCCCCCCCCCCCCCCCCCCCC(=O)NC(COP(=O)(O)O)C(C=CCCCCCCCCCCCCC)O
5,5,100,0,0,0,0,0,CCCCCCCCCCCCCCCCCCCCCC(=O)NC(CO)C(C=CCCCCCCCCCCCCC)O
5,5,100,0,0,0,0,0,CCCCCCCCCCCCCCCC(C(CO)NC(=O)CCCCCCCCCCCCCCC)O
5,5,100,0,0,0,0,0,CCCCCCCCCCCCCCCC(C(CO)NC(=O)CCCCCCCCCCCCCC=CCCCCCCCC)O
5,5,100,0,0,0,0,0,CCCCCCCCC=CCCCCCCCC(=O)NCCO
5,5,100,0,0,0,0,0,CCCCC/C=C\C/C=C\C/C=C\C/C=C\CCCC(=O)NCCO
2,5,100,0,0,0,0,0,CCCCCC=CCC=CCC=CCC=CCCCC(=O)OC(CO)CO
2,5,100,0,0,0,0,0,CCCCCCCCC=CCCCCCCCC(=O)OC(CO)CO
2,5,5,5,0,0,0,0,CCCCC/C=C\C/C=C\C/C=C\C/C=C\CCCC(=O)NCC(=O)O
2,7,7,7,0,0,0,0,CCCCCCCCCCCCCCCC(=O)OCC(CO)OC(=O)CCCCCCCC=CCCCCCCCC
2,13,10,10,1,1,2,0,CCCCCC(C=CC1C(CC(=O)C1CCCCCCC(=O)O)O)O
2,13,100,0,0,0,2,0,CCCCCC(C=CC1C(CC(C1CCCCCCC(=O)O)O)O)O
2,13,10,10,1,1,2,0,CCCCCC(C=CC1C=CC(=O)C1CCCCCCC(=O)O)O
2,13,10,10,1,1,2,0,CCCCCC(C=CC1=C(C(=O)CC1)CCCCCCC(=O)O)O
3,5,5,5,3,3,3,1,CC1=C(C(=O)C(=C(C1=O)OC)OC)CC=C(C)CCC=C(C)CCC=C(C)CCC=C(C)CCC=C(C)CCC=C(C)C
3,5,5,5,3,3,3,1,CC1=C(C(=O)C(=C(C1=O)OC)OC)CC=C(C)CCC=C(C)C
5,16,100,0,0,0,3,0,CCCCCC(C=CC1C(CC(C1CC=CCCCC(=O)NCCO)O)O)O
2,13,100,0,0,0,3,0,CCCCCC(C)(C=CC1C(CC(C1CC=CCCCC(=O)O)O)O)O
2,14,100,0,0,0,3,0,C1[C@@H]([C@@H]([C@H]([C@@H]1O)/C=C/[C@H](COC2=CC=CC(=C2)C(F)(F)F)O)C/C=C\CCCC(=O)O)O
4,13,100,0,0,0,3,2,C1C(C(C(C1O)C=CC(CCC2=CC=CC=C2)O)CC=CCCCC(=O)N)O
2,13,100,0,0,0,3,0,CCCCCCCC(C=CC1C(CC(C1CC=CCCCC(=O)O)O)O)O
2,13,100,0,0,0,2,0,CCCCCC(C=CC1C(CC(C1CCCCCCC(=O)O)O)O)O
4,13,100,0,0,0,3,2,CCCCCC(C=CC1C(CC(C1CC=CCCCCOC)O)O)O
2,13,100,0,0,0,3,0,CCCCCC(C=CC1C(CC(C1CC=CCCCC(=O)O)O)O)O
2,13,13,13,2,2,2,0,CCCCCC(=O)CCC1C(CC(C1CC=CCCCC(=O)O)O)O
2,13,100,0,0,0,2,0,CC(C)OC(=O)CCCC=CCC1C(CC(C1CCC(CCC2=CC=CC=C2)O)O)O
2,13,100,0,0,0,3,0,CCCCCC(C=CC1C(CC(C1CC=CCCCC(=O)O)O)O)O
2,13,100,0,0,0,3,0,CCCCCC(C=CC1C(CC(C1CC=CCCCC(=O)O)O)O)O
2,13,100,0,0,0,3,0,CCCCCC(C=CC1C(CC(C1CC=CCCCC(=O)O)O)O)O
2,13,13,13,2,2,2,0,CCCCCCCC(=O)CCC1C(CC(C1CC=CCCCC(=O)O)O)O
2,13,100,0,0,0,3,0,C1C(C(C(C1O)C=CC(CCC2=CC=CC=C2)O)CC=CCCCC(=O)O)O
2,13,100,0,0,0,3,0,CC(C)OC(=O)CCCC=CCC1C(CC(C1C=CC(CCC2=CC=CC=C2)O)O)O
2,13,100,0,0,0,3,0,CCCCCC(C=CC1C(CC(C1CC=CCCCC(=O)O)O)O)O
2,13,13,13,2,2,2,0,CCCCCCCC(=O)CC[C@H]1[C@@H](C[C@@H]([C@@H]1C/C=C\CCCC(=O)OC(C)C)O)O
2,13,100,0,0,0,3,0,CCCCCC(C)(C=CC1C(CC(C1CC=CCCCC(=O)OC)O)O)O
2,13,100,0,0,0,3,0,CCCCCC(C=CC1C(CC(C1CC=CCCCC(=O)OC(C)C)O)O)O
2,13,100,0,0,0,3,0,CCCCCC(C=CC1C(CC(C1CC=CCCCC(=O)O)O)O)O
2,13,100,0,0,0,3,0,CCCCCC(C=CC1C(CC(C1CC=CCCCC(=O)OC)O)O)O
4,13,100,0,0,0,3,2,CCCCCC(C=CC1C(CC(C1CC=CCCCC(=O)N(C)C)O)O)O
2,14,100,0,0,0,3,0,C1C(C(C(C1O)C=CC(COC2=CC=CC=C2)O)CC=CCCCC(=O)O)O
4,13,100,0,0,0,3,2,CCCCCC(C=CC1C(CC(C1CC=CCCCCO)O)O)O
4,7,100,0,0,0,3,2,CCCCCC(C=CC1C(CC(C1CC=CCCCCN(C)C)O)O)O
2,13,13,13,3,3,3,0,CCCCCC(=O)C=CC1C(CC(C1CC=CCCCC(=O)O)O)O
2,14,100,0,0,0,3,0,C1C(C(C(C1O)C=CC(COC2=CC(=CC=C2)Cl)O)CC=CCCCC(=O)O)O
2,13,100,0,0,0,3,0,C1C(C(C(C1O)C=CC(CCC2=CC=CC=C2)O)CC=CCCCC(=O)O)O
4,13,100,0,0,0,3,2,CCNC(=O)CCCC=CCC1C(CC(C1C=CC(CCC2=CC=CC=C2)O)O)O
2,13,7,13,2,3,2,0,CCCCCC(=O)C=CC1C(CC(=O)C1CCCCCCC(=O)O)O
2,13,10,10,2,2,3,0,CCCCCC(C=CC1C(CC(=O)C1CC=CCCCC(=O)O)O)O
2,13,10,10,2,2,3,0,CCCCCC(C=CC1C(CC(=O)C1CC=CCCCC(=O)O)O)O
2,16,2,12,2,0,3,0,CS(=O)(=O)NC(=O)CCCC=CCC1C(C(CC1=O)O)C=CC(COC2=CC=CC=C2)O
2,13,100,0,0,0,3,0,CCCCCC(C=CC1C(C(CC1=C)O)CC=CCCCC(=O)O)O
4,13,100,0,0,0,2,2,CCCCCC(C=CC1C(CC(=O)C1CCCCCCCO)O)O
2,13,7,13,2,2,2,0,CCCCCC(=O)CCC1C(CC(=O)C1CC=CCCCC(=O)O)O
2,13,10,10,2,2,3,0,C1C(C(C(C1=O)CC=CCCCC(=O)O)C=CC(CC2=CC=CC=C2)O)O
4,16,10,10,2,2,3,2,CCCCCC(C=CC1C(CC(=O)C1CC=CCCCC(=O)NCCO)O)O
2,13,10,10,2,2,3,0,CCCCCC(C=CC1C(CC(=O)C1CC=CCCCC(=O)O)O)O
2,13,10,10,2,2,3,0,C1C(C(C(C1=O)CC=CCCCC(=O)O)C=CC(CCC2=CC=CC=C2)O)O
2,13,11,11,3,3,3,0,CCCCCC(CC=C1C(C=CC1=O)CC=CCCCC(=O)O)O
2,13,5,10,1,1,2,0,CCCCCC(C=CC1C(CC(=O)C1CC(=O)CCCCC(=O)O)O)O
2,13,7,13,3,3,3,0,CCCCCC(=O)C=CC1C(CC(=O)C1CC=CCCCC(=O)O)O
2,13,11,11,2,2,2,0,CCCCCC(C=CC1C(C(CC1=O)O)CCCCCCC(=O)O)O
2,13,11,11,3,3,3,0,CCCCCC(C)(C=CC1C(C(CC1=O)O)CC=CCCCC(=O)O)O
2,13,10,10,1,1,2,0,CCCCC(C)(C)C(C=CC1C(CC(=O)C1CCCCCCC(=O)O)O)O
2,13,10,10,2,2,3,0,CCCCCC(C)(C=CC1C(CC(=O)C1CC=CCCCC(=O)O)O)O
2,13,11,11,3,3,3,0,CCCCCC(C)(C=CC1C(C(CC1=O)O)CC=CCCCC(=O)O)O
2,13,10,10,2,2,3,0,CCCCCC(C=CC1C(CC(=O)C1CC=CCCCC(=O)O)O)O
2,13,10,10,2,2,3,0,CCCCCC(C)(C=CC1C(CC(=O)C1CC=CCCCC(=O)O)O)O
2,13,10,10,2,2,3,0,CCCCC(C)(C)C(C=CC1C(CC(=O)C1CC=CCCCC(=O)O)O)O
2,13,10,10,2,2,3,0,CCC=CCC(C=CC1C(CC(=O)C1CC=CCCCC(=O)O)O)O
2,14,10,10,1,1,2,0,CCCCC(C)(CC=CC1C(CC(=O)C1CCCCCCC(=O)OC)O)O
2,13,10,10,2,2,3,0,CCCCCC(C=CC1C=CC(=O)C1CC=CCCCC(=O)O)O
2,13,100,0,0,0,3,0,CCCCCC(C=CC1CCC(C1CC=CCCCC(=O)O)O)O
2,13,11,11,3,3,3,0,CCCCCC(C=CC1C(C=CC1=O)CC=CCCCC(=O)O)O
2,13,13,13,3,3,3,0,CCCCCC(=O)C=CC1C(CC(C1CC=CCCCC(=O)O)O)O
2,13,7,13,2,2,2,0,CCCCCC(=O)CCC1C=CC(=O)C1CC=CCCCC(=O)O
2,11,100,0,0,0,3,0,CCCCCC(C=CC1C(CC(C1CC=CCC(=O)O)O)O)O
2,13,100,0,0,0,3,0,CCCCCC(C=CC1C(C(CC(O1)O)O)CC=CCCCC(=O)O)O
2,13,100,0,0,0,2,0,CCCCCC(C=CC1CCC(C1CCCCCCC(=O)O)O)O
2,13,100,0,0,0,3,0,C1C(C(C(C1F)C=CC(C2CC3=CC=CC=C3C2)O)CC=CCCCC(=O)O)O
2,13,10,10,1,1,2,0,CCCCC(C)(C)C(C=CC1C=CC(=O)C1CCCCCCC(=O)O)O
2,13,10,10,2,2,3,0,CCCCC(C)(C)C(C=CC1C=CC(=O)C1CC=CCCCC(=O)O)O
2,13,100,0,0,0,2,0,CCCCCC(C=CC1CCC(C1CCCCCCC(=O)O)O)O
2,13,100,0,0,0,3,0,CCCCCC(C=CC1C2CC(C1CC=CCCCC(=O)O)OC2)O
2,13,100,0,0,0,3,0,CCCCCC(C=CC1C2CC(C1CC=CCCCC(=O)O)CO2)O
3,9,7,7,5,5,7,1,C1=C2C3=C(C(=C1O)O)OC(=O)C4=CC(=C(C(=C43)OC2=O)O)O
4,11,100,0,0,0,8,2,C1=CC(=CC=C1C2=COC3=CC(=CC(=C3C2=O)O)O)O
4,10,100,0,0,0,7,2,C1=CC(=CC=C1C2=C(C(=O)C3=C(C=C(C=C3O2)O)O)O)O
4,10,100,0,0,0,7,2,C1=CC(=C(C=C1C2=C(C(=O)C3=C(C=C(C=C3O2)O)O)O)O)O
2,17,100,0,0,0,9,0,CC1C(C(C(C(O1)OCC2C(C(C(C(O2)OC3=C(OC4=CC(=CC(=C4C3=O)O)O)C5=CC(=C(C=C5)O)O)O)O)O)O)O)O
4,11,100,0,0,0,8,2,C1=CC(=CC=C1C2=COC3=C(C2=O)C=CC(=C3)O)O
3,8,100,0,0,0,0,0,C(C(C(C(C(C(=O)CO)O)O)O)O)O
2,6,100,0,0,0,3,0,CN1COCN(C1=N[N+](=O)[O-])CC2=CN=C(S2)Cl
2,6,100,0,0,0,0,0,CCC=CCC=CCC=CCCCCCCCC(=O)OCC(CO)O
2,2,2,2,0,0,0,0,C1=C(N=C(S1)N=C(N)N)CSCC/C(=N/S(=O)(=O)N)/N
4,6,100,0,0,0,3,1,C1=CC=C(C=C1)/C=C/C(=O)C2=C(C(=C(C=C2)O)O)O
2,2,2,2,0,0,0,0,CCCCCCCCCCCCS(=O)(=O)OC
4,4,100,0,0,0,1,1,CC1=CC(=C(C(=C1Cl)O)C=O)O
2,7,100,0,0,0,2,0,CC1(C(C1C(=O)OC(C#N)C2=CC(=CC=C2)OC3=CC=CC=C3)C=C(C(F)(F)F)Cl)C
2,2,2,2,0,0,0,0,CCCCCCCCC=CCCCCCCCCOS(=O)(=O)C
2,2,100,0,0,0,0,0,CC1=C(C=CC=C1C2=CC=CC=C2)COC(=O)[C@@H]3[C@@H](C3(C)C)/C=C(/C(F)(F)F)\Cl
3,4,100,0,0,0,0,0,CCCCCC=CCC=CCC=CCC=CCCCCOC(CO)CO
2,6,100,0,0,0,0,0,CCCCC=CCCCCCCCC(=O)OCC(CO)O
2,8,8,8,0,0,0,0,CCCCCCCCCCCCCCCC(=O)OC[C@H](COP(=O)([O-])OCC[N+](C)(C)C)OC(=O)CC/C=C\C/C=C\C/C=C\C/C=C\C/C=C\C/C=C\CC
2,7,7,7,0,0,0,0,CCCCCCCCCCCCC/C=C/[C@H]([C@H](COP(=O)([O-])OCC[N+](C)(C)C)NC(=O)CCCCCCC/C=C\CCCCCCCC)O
5,5,100,0,0,0,0,0,CCCCCCCCCCCCCCCC(C(CO)NC(=O)CCCCCCCC=CCCCCCCCC)O
2,7,7,7,0,0,0,0,CCCCCCCCCCCCCCCCCC(=O)NC(COP(=O)([O-])OCC[N+](C)(C)C)C(C=CCCCCCCCCCCCCC)O
2,6,6,6,0,0,0,0,CCCCCCCCC=CCCCCCCCC(=O)OC(CC(=O)[O-])C[N+](C)(C)C
2,7,7,7,0,0,0,0,CCCCCCCCCCCCCCCCOCC(COP(=O)([O-])OCC[N+](C)(C)C)OC(=O)CCCC=CCC=CCC=CCC=CCCCCC
2,8,8,8,0,0,0,0,CCCCCCCCCCCCCCCC(=O)OCC(COP(=O)([O-])OCC[N+](C)(C)C)OC(=O)CCCCCCCC=CCCCCCC
2,5,5,5,0,0,0,0,CCCCCCCCC=CCCCCCCCC(=O)NCC(=O)O
2,7,7,7,0,0,0,0,CCCCCCCCCCCCCCCCCC(=O)OCC(CO)OC(=O)CCCCCCCC=CCC=CCCCCC
100,0,100,0,0,0,0,0,[(2<I>S</I>)-2-acetyloxy-3-hydroxypropyl] (<I>Z</I>)-octadec-9-enoate
2,9,100,0,0,0,7,0,CCCCCC1C=CC2C(CC=CCCCC(=O)O1)C(CC2O)O
2,13,100,0,0,0,2,0,C1C(C(C(C1O)CC=CCCCC(=O)O)CCC(CCC2=CC=CC=C2)O)O
2,13,100,0,0,0,3,0,CCCCC(C)(C)C(C=CC1C(CC(C1CC=CCCCC(=O)O)O)O)O
2,13,10,10,2,2,3,0,CCCCCC(C=CC1C(CC(=O)C1CC=CCCCC(=O)OC)O)O
2,13,10,10,2,2,3,0,CCCCC(C)CC(C=CC1C(CC(=O)C1CCCCC=CC(=O)O)O)O
4,13,100,0,0,0,4,2,CCCCCC(C=CC1C(CC(C1CC=CCC=CC=O)O)O)O
2,13,100,0,0,0,5,0,CCCCCC(C=CC1C(CC2C1CC(=CCCCC(=O)O)C2)O)O
2,13,100,0,0,0,3,0,CCCCCC(C=CC1C(CC(C1CC=CCCCC(=O)O)O)O)O
2,13,100,0,0,0,5,0,CCCCCC(C=CC1C2CC(=CCCCC(=O)O)CC2(CC1O)C)O
2,13,100,0,0,0,4,0,CCCCCC(C=CC1C(CC2=C1C=C(N2C3=CC=CC=C3)CCCCC(=O)O)O)O
2,8,5,8,0,0,0,0,C(CCN)CC(C(=O)O)NC(=O)C(CC(=O)O)N
7,7,100,0,0,0,3,3,C1=CC=C(C(=C1)NN=C2C=CC=CC2=O)O
3,6,100,0,0,0,3,1,C[NH2+]CC(C1=CC(=C(C=C1)O)OC)O
3,6,100,0,0,0,3,1,COC1=C(C=CC(=C1)C(C[NH3+])O)O
3,29,100,0,0,0,19,1,CC1CCC2(C(C3C(O2)C(C4C3(CCC5C4CCC6C5(CC(C(C6)OC7C(C(C(C(O7)CO)OC8C(C(C(C(O8)CO)O)OC9C(C(C(CO9)O)O)O)OC2C(C(C(C(O2)CO)O)OC2C(C(C(C(O2)CO)O)O)O)O)O)O)O)C)C)O)C)OC1
2,5,5,5,0,0,0,0,C1=CC=C(C=C1)CC(C(=O)NC(CC2=CC=CC=C2)C(=O)O)N
3,13,100,0,0,0,5,0,CCCCCC(CCC1C(CC2C1CC3=C(C2)C(=CC=C3)OCC(=O)O)O)O
2,13,100,0,0,0,5,0,CC#CCC(C)C(C=CC1C(CC2C1C3=CC=CC(=C3O2)CCCC(=O)O)O)O
2,6,100,0,0,0,3,0,C1=CC(=CC(=C1)F)COC2=C(C=C(C=C2)[N+](=O)[O-])Cl
2,6,6,6,0,0,0,0,CC(=O)OC(CC(=O)[O-])C[N+](C)(C)C
2,6,6,6,1,1,1,0,CN(/C(=N/[N+](=O)[O-])/N)N=O
2,2,100,0,0,0,0,0,CCCCNC(=O)OC#CCI
-1,12,-1,4,1,0,8,0,CON=C1CN(CC1CN)C2=C(C=C3C(=O)C(=CN(C3=N2)C4CC4)C(=O)O)F.CS(=O)(=O)O
7,7,7,7,3,3,3,3,CCN(CC)CCN(CC1=CC=C(C=C1)C2=CC=C(C=C2)C(F)(F)F)C(=O)CN3C4=C(CCC4)C(=O)N=C3SCC5=CC=C(C=C5)F
2,2,100,0,0,0,0,0,CC(C)(C=NOC(=O)NC)SC
2,7,2,7,1,0,1,0,CC(C)(C=NOC(=O)NC)S(=O)(=O)C
100,0,100,0,0,0,0,0,CC1=NNC(=O)N(C1)/N=C/C2=CN=CC=C2
2,6,6,6,1,1,1,0,CNC(=O)O/N=C(/C(=O)N(C)C)\SC
2,6,100,0,0,0,0,0,CCCCCCC=CCCCCCCCC(=O)OCC(CO)O
2,8,8,8,0,0,0,0,CCCCCCCCCCCCCC(=O)OCC(COP(=O)(O)OCCN)OC(=O)CCCCCCCCCCCCC
2,8,8,8,0,0,0,0,CCCCCCCC/C=C\CCCCCCCC(=O)OC[C@H](COP(=O)(O)OCCN)OC(=O)CCCCCCC/C=C\CCCCCCCC
2,8,8,8,0,0,0,0,CCCCC/C=C\C/C=C\CCCCCCCC(=O)OC[C@H](COP(=O)(O)OCCN)OC(=O)CCCCCCC/C=C\C/C=C\CCCCC
2,8,8,8,0,0,0,0,CCCCCCCCCCCCCCCCCC(=O)OC[C@H](COP(=O)(O)OCCN)OC(=O)CCCCCCC/C=C\CCCCCCCC
2,8,8,8,0,0,0,0,CCCCCCCCCCCCCCCC(=O)OC[C@H](COP(=O)(O)OCCN)O
2,8,8,8,0,0,0,0,CCCCCCCCCCCCCCCCCC(=O)OC[C@H](COP(=O)(O)OCCN)O
2,8,8,8,0,0,0,0,CCCCCCCCCCCCCC(=O)OC[C@H](COP(=O)(O)OCCN)O
2,12,6,12,0,0,0,0,CCCCCCCCCCCCCCCCCC(=O)OC[C@H](COP(=O)(O)OC[C@@H](C(=O)O)N)OC(=O)CCCCCCCCCCCCCCCCC
2,7,7,7,0,0,0,0,CCCCCCCCCCCCCCCC(=O)NC(COP(=O)([O-])OCC[N+](C)(C)C)C(C=CCCCCCCCCCCCCC)O
2,6,100,0,0,0,0,0,CCCCCCCCCCCCCC=CC(C(COP(=O)([O-])OCC[N+](C)(C)C)N)O
2,7,7,7,0,0,0,0,CCCCCCCCCCCCCCCCCC(=O)OC[C@H](CO)OC(=O)CC/C=C\C/C=C\C/C=C\C/C=C\C/C=C\C/C=C\CC
2,14,100,0,0,0,3,0,C1C(C(C(C1O)C=CC(COC2=CC=CC=C2)(F)F)CC=CCCCC(=O)O)O
2,14,100,0,0,0,3,0,CC(C)OC(=O)CCCC=CCC1C(CC(C1C=CC(COC2=CC=CC=C2)(F)F)O)O
2,8,8,8,0,0,0,0,CCCCCCCCC=CCCCCCCCC(=O)OCC(COP(=O)([O-])OCC[N+](C)(C)C)OC(=O)CCCCCCCC=CCCCCCCCC
2,7,7,7,0,0,0,0,CCCCCCCCCCCCCCCCOCC(COP(=O)([O-])OCC[N+](C)(C)C)OC(=O)CCCC=CCC=CCC=CCC=CCC=CCC
4,13,100,0,0,0,2,2,CCNC(=O)CCCC=CCC1C(CC(C1CCC(CCC2=CC=CC=C2)O)O)O
2,13,100,0,0,0,1,0,C1C(C(C(C1O)CCC(CCC2=CC(=CC=C2)C(F)(F)F)O)CCCCCCC(=O)O)O
2,14,13,13,3,3,3,0,CC(C)OC(=O)CCCC=CCC1C(CC(C1C=CC(=O)COC2=CC=CC(=C2)C(F)(F)F)O)O
2,13,100,0,0,0,3,0,CC(C)OC(=O)CCCC=CCC1C(CC(C1C=CC(CCC2=CC=CC=C2)O)O)O
2,13,100,0,0,0,2,0,CC(C)OC(=O)CCCC=CCC1C(CC(C1CCC(CCC2=CC=CC=C2)O)O)O
2,13,6,13,2,1,2,0,CCCCCC(=O)CCC1C(C(CC1=O)O)CC=CCCCC(=O)O
2,13,100,0,0,0,3,0,CC(C)OC(=O)CCCC=CCC1C(CC(C1C=CC(C2CC3=CC=CC=C3C2)O)F)O
2,9,9,9,0,0,0,0,C(CSCC(C(=O)O)N)C(C(=O)O)N
100,0,100,0,0,0,0,0,CC(C)N(C1=CC=CC=C1)C(=O)CNC2=CC=CC=C2NC3=CC=CC=C3
2,2,100,0,0,0,0,0,CCOC(=O)CC1CC2CCC(C1)N2C
100,0,100,0,0,0,0,0,CC1=C(C=CC=N1)OC2=NC=C(C=C2)N
3,7,100,0,0,0,0,0,C(C(C(C(C(C=O)O)O)O)O)O
100,0,100,0,0,0,0,0,CCCCCCCCCCCCC/C=C/C[C@H](CO)N
2,10,100,0,0,0,3,0,CCCCCCCCCCCCCC=CC(C(COC1C(C(C(C(O1)CO)O)O)O)NC(=O)CCCCCCCCCCCCCC=CCCCCCCCC)O
2,16,7,7,0,0,5,0,CCCCCCCCCCCCCCCC(=O)OCC(COC1C(C(C(C(O1)COC2C(C(C(C(O2)CO)O)O)O)O)O)O)OC(=O)CCCCCCCC=CCC=CCCCCC
2,5,100,0,0,0,3,0,C1C(C(C(C(O1)O)O)O)O
2,7,100,0,0,0,5,0,CC1=CC(=NC2=C1C(=C(C=C2[N+](=O)[O-])OC)OC3=CC=CC(=C3)C(F)(F)F)OC
100,0,100,0,0,0,0,0,COC1=C(C=C2C(=C1)CCN2)C(F)(F)F
100,0,100,0,0,0,0,0,CCC(C)(C)C1CCC(CC1)CC=O
2,4,100,0,0,0,0,0,CC(C)(C)OC(=O)CC(C1=CC=CC=N1)O
2,5,100,0,0,0,0,0,CCCCCCCCCCCCCCCCOCC(CO)OC(=O)C
2,13,100,0,0,0,2,0,CCCCCC(C=CC1C(CC(C1CCCCCCC(=O)O)O)O)O
2,8,100,0,0,0,3,0,CC(=O)NC1C(C(C(OC1O)CO)O)O
2,25,2,25,11,0,11,0,C=CS(=O)(=O)CCOCCNC1=NC(=NC(=N1)F)NC2=CC(=C(C=C2)N=NC3=CC4=C(C=C(C=C4C=C3S(=O)(=O)[O-])S(=O)(=O)[O-])S(=O)(=O)[O-])NC(=O)N.[Na+].[Na+].[Na+]
3,3,100,0,0,0,1,1,CCCN1CCC2=C3[C@H]1CC4=C(C3=CC=C2)C(=C(C=C4)O)O.Cl
2,6,100,0,0,0,1,0,CC(=NOCC1=CC=CC=C1C(=NOC)C(=O)OC)C2=CC(=CC=C2)C(F)(F)F
2,6,6,6,0,0,0,0,CCCCCCCCCCCCCCCC(=O)OC(CC(=O)[O-])C[N+](C)(C)C
2,2,2,2,0,0,0,0,CC1=NS(=O)(=O)N=C1C2=CC=CC=C2
2,2,100,0,0,0,0,0,CC1(CC(=C)C(=O)O1)C
4,4,4,4,2,2,2,2,CC(CCCN1C(=O)C2=CC=CC=C2C1=O)I
2,13,100,0,0,0,3,0,C1C(C(C(C1O)C=CC(CC2=CC=CC=C2)O)CC=CCCCC(=O)O)O
2,13,10,10,1,1,2,0,CCCCCC(C=CC1C=CC(=O)C1CCCCCCC(=O)OCC)O
2,13,100,0,0,0,3,0,C1C(C(C(C1F)C=CC(C2CC3=CC=CC=C3C2)O)CC=CCCCC(=O)O)O
100,0,100,0,0,0,0,0,C1=CC=C(C(=C1)CCN)O.Br
2,2,100,0,0,0,0,0,COC(=O)C(CC1=CN=CN1)N.Cl
3,14,10,10,2,2,3,0,C1=CC=C(C=C1)OCC(C=CC2C=CC(=O)C2CC=CCCCC(=O)O)O
100,0,100,0,0,0,0,0,CC(C1=CC=CC=C1)(C2=CC=C(C=C2)Br)OCCN(C)C.Cl
4,4,4,4,1,1,1,1,CC1C(SC(=O)N1C(=O)NC2CCCCC2)C3=CC=C(C=C3)Cl
100,0,100,0,0,0,0,0,CC(C)N=C(N)N=C(N)NC1=CC(=C(C=C1)Cl)Cl.Cl
2,11,5,11,0,0,0,0,C1=CC=C(C=C1)CC(C(=O)NC(CC2=CC=CC=C2)C(=O)NC(CC3=CC=CC=C3)C(=O)NC(CC4=CC=CC=C4)C(=O)O)N
100,0,100,0,0,0,0,0,C1=CC(=CN=C1)C2=CC(=CC(=C2)F)N
2,13,10,10,2,2,2,0,C1=CC=C(C=C1)CCC(CCC2C=CC(=O)C2CC=CCCCC(=O)O)O
3,6,100,0,0,0,4,1,C1CNC2CC3=C4C15C2(C=CC(=O)C5OC4=C(C=C3)O)O
3,3,100,0,0,0,1,1,CC1=CC(=C(C=C1CC=C)OC)O
3,3,100,0,0,0,1,1,CC1=C(C=CC(=C1OC)O)CC=C
6,6,100,0,0,0,4,4,CC(C)CCCC(C)C1CCC2C1(CCC3C2C(C=C4C3(CCC(C4)O)C)O)C
2,2,2,2,0,0,0,0,CN1C2CCC1CC(C2)OS(=O)(=O)C
100,0,100,0,0,0,0,0,CC1CCC2C13CC(C2(C)C)C(=C(C3)C(=O)C)C
4,4,4,4,2,2,2,2,CC1(C(=O)N(C(=O)N1)NC2=CC=CC=C2)C3=CC=CC=C3
2,8,8,8,0,0,0,0,CCCCCCCC/C=C\CCCCCCCC(=O)OC[C@H](COP(=O)([O-])OCC[N+](C)(C)C)O
2,13,13,13,1,1,1,0,CCCCCC(=O)CCC1C(CC(C1CCCCCCC(=O)O)O)O
4,13,100,0,0,0,2,2,CCCCCC(C=CC1C(CC(C1CCCCCCCO)O)O)O
2,13,10,10,2,2,3,0,CCCCCCCC(C=CC1C(CC(=O)C1CC=CCCCC(=O)O)O)O
2,13,100,0,0,0,3,0,CCCCCC(C=CC1CCC(C1CC=CCCCC(=O)O)O)O
2,10,10,10,1,1,1,0,CCCCCC=CC=C1C=CC(=O)C1CCCCCCC(=O)O
2,7,7,7,0,0,0,0,CCCCCCCCCCCCCCCCOCC(COP(=O)([O-])OCC[N+](C)(C)C)OC(=O)CCCCCCC=CCC=CCC=CCCCCC
2,2,100,0,0,0,0,0,CCCC(O)(O)O
3,3,100,0,0,0,1,1,CC=CC1=C(C(=C(C=C1)O)OC)C
3,3,100,0,0,0,0,0,C1C2CC(C1C=C2)OCC(C(F)(F)F)(C(F)(F)F)O
2,9,9,9,4,4,4,0,C1=CC(=CC(=C1)C(=O)O)C2=C(C(=CC(=C2)Cl)[N+](=O)[O-])O
2,8,8,8,0,0,0,0,CCCCCCCCCCCCCCCCCCCCCC(=O)OCC(COP(=O)([O-])OCC[N+](C)(C)C)OC(=O)CCCCCCCCCCCCCCCCCCCCC
4,4,100,0,0,0,2,2,COC1=C(C=C(C(=N1)OC)N)N.Cl
4,4,100,0,0,0,0,0,C1=CC(=C(C=C1N)N)OCCCOC2=C(C=C(C=C2)N)N.Cl.Cl.Cl.Cl
100,0,100,0,0,0,0,0,CC(CCC=C(C)C)C1CCC2C1(CCC3=C2CCC4C3(CCC(=O)C4)C)C
2,8,8,8,0,0,0,0,CCCCCCCCCCCCCCCCCCCC(=O)OCC(COP(=O)([O-])OCC[N+](C)(C)C)OC(=O)CCCCCCCCCCCCCCCCCCC
2,6,100,0,0,0,0,0,CCCCCCCCCCCCCCCCOCC(COP(=O)([O-])OCC[N+](C)(C)C)OCCCCCCCCCCCCCCCC
12,12,100,0,0,0,4,4,C[Si](CCC1CCC2C(C1)O2)(CCC3CCC4C(C3)O4)C5=CC=CC=C5
2,8,2,8,3,0,3,0,CC(CC(=O)OC1=CC=C(C=C1)S(=O)(=O)[O-])CC(C)(C)C.[Na+]
100,0,100,0,0,0,0,0,CCOC(=S)[S-].[Na+]
2,8,5,8,0,0,0,0,CCCCCCCCCCCC(=O)OC(C)C(=O)OC(C)C(=O)[O-].[Na+]
9,9,100,0,0,0,7,7,C[C@H](CCCC(C)C)[C@H]1C[C@@H](C2=C3CC[C@H]4C[C@H](CC[C@@]4([C@H]3CC[C@]12C)C)O)O
9,9,100,0,0,0,7,7,C[C@H](CCCC(C)C)[C@H]1CC(=O)[C@@H]2[C@@]1(CC[C@H]3[C@H]2CC[C@@H]4[C@@]3(CC[C@@H](C4)O)C)C
2,8,8,8,0,0,0,0,CCCCCCCCCCCCCCCCCCCCCCCC(=O)OC[C@H](COP(=O)([O-])OCC[N+](C)(C)C)OC(=O)CCCCCCCCCCCCCCCCCCCCCCC
2,8,8,8,0,0,0,0,CCCCCCCCCCC/C=C\CCCCC(=O)OC[C@H](COP(=O)([O-])OCC[N+](C)(C)C)OC(=O)CCCC/C=C\CCCCCCCCCCC
2,8,8,8,0,0,0,0,CC/C=C\C/C=C\C/C=C\CCCCCCCC(=O)OC[C@H](COP(=O)([O-])OCC[N+](C)(C)C)OC(=O)CCCCCCC/C=C\C/C=C\C/C=C\CC
2,8,8,8,0,0,0,0,CCCCCC/C=C\CCCCCCCC(=O)OC[C@H](COP(=O)([O-])OCC[N+](C)(C)C)OC(=O)CCCCCCC/C=C\CCCCCC
2,8,8,8,0,0,0,0,CCCCCCCC/C=C\CCCCCCCCCC(=O)OC[C@H](COP(=O)([O-])OCC[N+](C)(C)C)OC(=O)CCCCCCCCC/C=C\CCCCCCCC
2,8,8,8,0,0,0,0,CCCCCCCC/C=C\CCCCCCCCCCCC(=O)OC[C@H](COP(=O)([O-])OCC[N+](C)(C)C)OC(=O)CCCCCCCCCCC/C=C\CCCCCCCC
2,8,8,8,0,0,0,0,CC/C=C\C/C=C\C/C=C\C/C=C\C/C=C\C/C=C\CCC(=O)OC[C@H](COP(=O)([O-])OCC[N+](C)(C)C)OC(=O)CC/C=C\C/C=C\C/C=C\C/C=C\C/C=C\C/C=C\CC
2,8,7,8,0,0,0,0,CCCCCCCCCCCCCCCC(=O)O[C@H](COC(=O)CCCCCCC/C=C\CCCCCCCC)COP(=O)([O-])OCC[N+](C)(C)C
2,8,8,8,0,0,0,0,CCCCCCCCCCCCCCCCCCCC(=O)OC[C@H](COP(=O)([O-])OCC[N+](C)(C)C)O
2,8,8,8,0,0,0,0,CCCCCCCCCCCCCCCCCCCCCCCC(=O)OC[C@H](COP(=O)([O-])OCC[N+](C)(C)C)O
2,6,100,0,0,0,0,0,CCCCCCCCCCCCCCCC/C=C\OC[C@H](COP(=O)([O-])OCC[N+](C)(C)C)O
2,6,100,0,0,0,0,0,CCCCCCCC/C=C\CCCCCCCCOC[C@H](COP(=O)([O-])OCC[N+](C)(C)C)O
2,7,7,7,0,0,0,0,CCCCCCCCCCCCCCCCOC[C@H](COP(=O)([O-])OCC[N+](C)(C)C)OC(=O)CCC
2,7,7,7,0,0,0,0,CCCCCCCCCCCCCCCCCCOC[C@H](COP(=O)([O-])OCC[N+](C)(C)C)OC(=O)CCC
2,17,100,0,0,0,3,0,CCCCCC(C=CC1C(CC(C1CC=CCCCC(=O)OCC(CO)O)O)O)O
5,16,100,0,0,0,3,0,CCCCCC(C=CC1C(CC(C1CC=CCCCC(=O)NC(CO)CO)O)O)O
2,17,11,11,3,3,3,0,CCCCCC(C=CC1C(C(CC1=O)O)CC=CCCCC(=O)OCC(CO)O)O
4,16,10,10,2,2,3,2,CCCCCC(C=CC1C(CC(=O)C1CC=CCCCC(=O)NC(CO)CO)O)O
100,0,100,0,0,0,0,0,CCCNC(=NCCC)NCCC
2,6,6,6,0,0,0,0,CCCCCCCC/C=C/CCCCCCCC(=O)O[C@H](CC(=O)O)C[N+](C)(C)C
2,13,100,0,0,0,3,0,CCCCCC(C)(C=CC1C(CC(C1CC=CCCCC(=O)OC)O)O)O
2,14,10,10,2,2,3,0,CCCC1(CCC1)C(CC=CC2C(CC(=O)C2CC=CCCCC(=O)O)O)O
4,13,100,0,0,0,3,2,CCN(CC)C(=O)CCCC=CCC1C(CC(C1C=CC(CCC2=CC=CC=C2)O)O)O
2,13,100,0,0,0,3,0,CCCCCC(C)(C=CC1C(CC(C1CC=CCCCC(=O)O)O)O)O
2,14,100,0,0,0,3,0,CC(C)OC(=O)CCCC=CCC1C(CC(C1C=CC(COC2=CC=CC(=C2)C(F)(F)F)O)O)O
5,16,100,0,0,0,3,0,CCCCCC(C=CC1C(CC(C1CC=CCCCC(=O)NCCO)O)O)O
2,14,11,11,3,3,3,0,C1C(C(C(C1=O)C=CC(COC2=CC=CC(=C2)C(F)(F)F)O)CC=CCCCC(=O)O)O
4,13,100,0,0,0,2,2,CCCCC[C@H](/C=C/[C@@H]1[C@H]([C@H](CC1=O)O)CCCCCCCO)O
2,13,10,10,1,1,2,0,C1C(C(C(C1=O)CCCCCCC(=O)O)C=CC(CC2=CC=CC=C2)O)O
2,13,10,10,2,2,3,0,CCCCCC(C=CC1C(CC(=O)C1CC=CCCCC(=O)OC(C)C)O)O
2,13,100,0,0,0,1,0,COC(=O)CCCCCCC1C(CC(C1CCC(CSC2=CC=CC=C2F)O)O)O
2,13,10,10,2,2,3,0,CCCCC[C@](C)(/C=C/[C@H]1C=CC(=O)[C@@H]1C/C=C\CCCC(=O)O)O
2,13,100,0,0,0,3,0,CCCCCC(C=CC1C(CC(C1CC=CCCCC(=O)O)O)O)O
4,13,13,13,3,3,3,2,CCNC(=O)CCCC=CCC1C(CC(C1C=CC(=O)CCC2=CC=CC=C2)O)O
2,15,100,0,0,0,3,0,C1C(C(C(C1O)C=CC(CCOC2=CC=CC=C2)O)CC=CCCCC(=O)O)O
2,13,10,10,2,2,3,0,CCC=CCC(C=CC1C(CC(=O)C1CC=CCCCC(=O)O)O)O
2,7,7,7,0,0,0,0,CCCCCCCCCCCCCCCC/C=C\OC[C@H](COP(=O)(O)OCCN)OC(=O)CCCCCCC/C=C\CCCCCCCC
2,7,7,7,0,0,0,0,CCCCCCCCCCCCCCCC/C=C\OC[C@H](COP(=O)([O-])OCC[N+](C)(C)C)OC(=O)CCCCCCC/C=C\CCCCCCCC
2,9,100,0,0,0,5,0,CCCCCC(C=CC1C2CC=CCCCC(=O)OC2CC1O)O
2,7,7,7,0,0,0,0,CCCCCCCCCCCCCCCCCCCCCCCC(=O)NC(COP(=O)([O-])OCC[N+](C)(C)C)C(C=CCCCCCCCCCCCCC)O
2,13,100,0,0,0,3,0,CCCCCC(C=CC1C2CC(C1CC=CCCCC(=O)O)CO2)O
2,13,10,10,1,1,1,0,CCCCCC(CCC1CCC(=O)N1CCCCCCC(=O)O)O
100,0,100,0,0,0,0,0,CCN(CC)CCCCCCBr.Cl
3,3,100,0,0,0,1,1,CC1=CC(=CC(=C1O)OC)CC=C
-1,17,100,0,0,0,9,0,C[C@H]1[C@@H]([C@H]([C@H]([C@@H](O1)OC[C@@H]2[C@H]([C@@H]([C@H]([C@@H](O2)OC3=C(OC4=CC(=CC(=C4C3=O)O)O)C5=CC(=C(C=C5)O)O)O)O)O)O)O)O.O
2,6,100,0,0,0,0,0,CCCCCCCCC=CCCCCCCCCCCCCCC(=O)OCC(CO)O
4,4,4,4,2,2,2,2,CCCCCN1C2=C(C(=O)NC1=O)NC(=N2)Cl
2,6,6,6,0,0,0,0,CCCCCCCC/C=C\CCCCCCCC(=O)O[C@H](CC(=O)[O-])C[N+](C)(C)C
2,12,8,8,0,0,0,0,CCCCCCCCCCCCCCCCCC(=O)OCC(COP(=O)([O-])OCC(CO)O)O.[Na+]
2,6,100,0,0,0,0,0,CCCCCCCCCCCCCCCC=CC(C(COP(=O)(O)[O-])[NH3+])O
2,6,100,0,0,0,0,0,CCCCCCCCCCCCCC=CC(C(COP(=O)([O-])OCC[NH3+])N)O
4,13,100,0,0,0,3,2,CCCCCC(C=CC1C(CC(C1CC=CCCCC(=O)N(CC)CC)O)O)O
2,13,100,0,0,0,3,0,C1CCC(CC1)C(C=CC2C(CC(C2CC=CCCCC(=O)O)O)O)O
2,13,100,0,0,0,2,0,C1C(C(C(C1O)CC=CCCCC(=O)O)CCC(CCC2=CC(=CC=C2)C(F)(F)F)O)O
2,17,100,0,0,0,3,0,CC(CCCC(C=CC1C(CC(C1CC=CCCCC(=O)O)O)O)O)O
4,16,10,10,2,2,3,2,C1C(C(C(C1=O)CC=CCCCC(=O)NC(CO)CO)C=CC(CCC2=CC=CC=C2)O)O
2,2,2,2,0,0,0,0,CCCCCCCCCCCCCCC=CS(=O)(=O)OC
100,0,100,0,0,0,0,0,CCCCCCCC(CCCCCC)Br
2,9,5,8,2,0,4,0,C1=CC(=C(C=C1O)C=O)C=C(CC(=O)O)C(=O)O
2,7,7,7,0,0,0,0,CCCCCCCCCCCCCCCC(=O)O[C@H](CO)COP(=O)(O)OCCN
2,8,8,8,0,0,0,0,CCCCCC/C=C\CCCCCCCCCC(=O)OC[C@H](COP(=O)([O-])OCC[N+](C)(C)C)O
2,7,7,7,0,0,0,0,CCCCCCCCCCCCCC(=O)O[C@H](CO)COP(=O)(O)OCCN
2,15,100,0,0,0,6,0,CCCCCCCCCCCCCCCC(=O)NC(COC1C(C(C(C(O1)CO)OC2C(C(C(C(O2)CO)O)O)O)O)O)C(C=CCCCCCCCCCCCCC)O
2,15,100,0,0,0,6,0,CCCCCCCCCCCCCCCCCCCC(=O)NC(COC1C(C(C(C(O1)CO)OC2C(C(C(C(O2)CO)O)O)O)O)O)C(C=CCCCCCCCCCCCCC)O
5,5,100,0,0,0,0,0,CCCCCCCCCCCCCCC[C@H]([C@H](CO)NC(=O)CCCCCCCCCCC)O
2,17,10,10,2,2,3,0,CCCCCC(C=CC1C(CC(=O)C1CC=CCCCC(=O)OCC(CO)O)O)O
2,14,11,11,3,3,3,0,CCCCCC=CC=C1C(C=CC1=O)CC=CCCCC(=O)OC(CO)CO
2,14,5,14,0,0,0,0,C(CC(=O)NC(CSSCC(C(=O)O)N)C(=O)NCC(=O)O)C(C(=O)O)N
4,10,4,6,3,1,7,2,CC1(C2CC3C(C(=O)C(=C(C3(C(=O)C2=C(C4=C1C=CC=C4O)O)O)O)C(=O)N)N(C)C)O
3,3,100,0,0,0,0,0,CCCCCCCCCCCCCCOCC1CO1
3,3,100,0,0,0,1,1,CC=CC1=CC(=C(C(=C1)C)O)OC
2,13,5,13,4,1,4,0,CC(C)N(C1=CC=CC=C1)C(=O)CN2C3=CC=CC=C3N(C(=O)C(C2=O)NC(=O)NC4=CC=CC(=C4)C(=O)OC(C)(C)C)C5=CC=CC=C5
2,4,100,0,0,0,0,0,CC(CCCC(C(O)O)(C(=O)O)O)C1CCC2C1(CCC3C2CCC4C3(CCCC4)C)C
2,14,100,0,0,0,3,0,CC(C)OC(=O)CCCC=CCC1C(CC(C1C=CC(COC2=CC=CC(=C2)C(F)(F)F)O)O)O
2,13,10,10,1,1,2,0,CCCCC(C)CC(C=C[C@H]1C(CC(=O)C1CCCCC(CC(=O)O)OC)O)O
2,14,100,0,0,0,3,0,C1C(C(C(C1F)C=CCC(C2CC3=CC=CC=C3C2)O)CC=CCCCC(=O)O)O
2,13,100,0,0,0,3,0,CCCCCC(C=CC1CC2CC(C1CC=CCCCC(=O)O)C2(C)C)O
2,19,100,0,0,0,13,0,CCC(C)C1C(C=CC2(O1)CC3CC(O2)CC=C(C(C(C=CC=C4COC5C4(C(C=C(C5O)C)C(=O)O3)O)C)OC6CC(C(C(O6)C)OC7CC(C(C(O7)C)NC)OC)OC)C)C
2,8,8,8,0,0,0,0,CCCCCCCC/C=C\CCCCCCCC(=O)OC[C@H](COP(=O)([O-])OCC[NH3+])O
2,13,10,10,2,2,3,0,C1=CC=C(C=C1)CCC(C=CC2C=CC(=O)C2CC=CCCCC(=O)O)O
2,13,100,0,0,0,1,0,COC(=O)CCCCCCC1C(CC(C1CCC(C#CC2=CC=CC=C2F)O)O)O
100,0,100,0,0,0,0,0,CCCCCCCCCCCCCCC[C@H](CN)O
4,17,5,5,3,3,9,2,CC[C@@H]1CN2CC[C@H]1C[C@@H]2[C@H](C3=C4C=C(C=CC4=NC=C3)OC)OC5=C6C(=C(C=C5)O[C@H]([C@H]7C[C@@H]8CCN7C[C@H]8CC)C9=C1C=C(C=CC1=NC=C9)OC)C(=O)C1=CC=CC=C1C6=O
2,15,100,0,0,0,9,0,CC(C)(C1=CC=C(C=C1)O)C2=CC=C(C=C2)O[C@H]3C(C([C@H](C(O3)C(=O)O)O)O)O
2,14,10,10,1,1,2,0,CCCC1(CCC1)C(CC=CC2C(CC(=O)C2CCCCCCC(=O)O)O)O
2,20,10,17,5,2,6,0,CCCCCC(C=C[C@H]1C(CC(=O)C1CC=CCCCC(=O)OC2=CC=C(C=C2)NC(=O)C)O)O
2,20,10,17,5,2,6,0,CCCCCC(C=C[C@H]1C(CC(=O)C1CC=CCCCC(=O)OC2=CC=C(C=C2)N(C=O)C3=CC=CC=C3)O)O
2,13,10,10,2,2,3,0,CCCCC(C)(C)C(C=CC1C(CC(=O)C1CC=CCCCC(=O)OC2=CC=CC=C2)O)O
2,9,100,0,0,0,4,0,C1C(C(C2C1OC(=O)C2)C=CC(COC3=CC=CC(=C3)C(F)(F)F)O)O
2,13,100,0,0,0,2,0,C1C(C(C(C1O)CC=CCCCC(=O)O)CCC(CCC2=CC=CC=C2)O)O
2,13,13,13,2,2,2,0,C1C(C(C(C1O)CC=CCCCC(=O)O)CCC(=O)CCC2=CC=CC=C2)O
2,13,6,13,2,1,2,0,CCCCCC(=O)CCC1C(C=CC1=O)C/C=C\CCCC(=O)O
2,13,100,0,0,0,2,0,CCCCC(C)CC(C=CC1C(CC(C1CCCCCCC(=O)O)O)O)O
5,5,100,0,0,0,0,0,CCCCCCCCCCCCCCCCCCCCCC(=O)NC(C)C(CCCCCCCCCCCCCCC)O
3,6,100,0,0,0,0,0,CCCCCCCCCCCCCCCCCCCCCCC(C(=O)NC(CO)C(C=CCCCCCCCCCCCCC)O)O
4,16,10,10,1,1,2,2,CCCCCC(/C=C/[C@H]1C(CC(=O)C1CCCCCCC(=O)NCCO)O)O
2,2,100,0,0,0,0,0,C1CN(C(=N[N+](=O)[O-])N1)CC2=CN=C(C=C2)Cl
2,2,100,0,0,0,0,0,CNC(=N[N+](=O)[O-])NCC1=CN=C(S1)Cl
5,5,100,0,0,0,0,0,CCCCCCC=CCCCCCCCCC(=O)NCCO
2,11,7,7,0,0,3,0,CCCCCCCCC=CCCCCCCCC(=O)OCC(COC1C(C(C(C(O1)CO)O)O)O)OC(=O)CCCCCC=CCC=CCC=CCC
2,8,8,8,0,0,0,0,CCCCCC=CCC=CCC=CCC=CCCCC(=O)OCC(COP(=O)([O-])OCC[NH3+])OC(=O)CCCC=CCC=CCC=CCC=CCCCCC
2,13,4,11,3,2,2,0,C1CCC(CC1)CC(CCC2C(C(=O)CC2=O)CC=CCCCC(=O)O)O
2,13,100,0,0,0,4,0,CCCCCC(C=CC1C2CC(OC2CC1O)CCCCC(=O)O)O
2,13,100,0,0,0,2,0,CCCCCC(C=CC1C(CC(C1CCCCC(CC(=O)O)OC)O)O)O
2,13,100,0,0,0,5,0,CCCCCC(C=CC1CCC2C1CC(=CCCCC(=O)O)C2)O
4,17,100,0,0,0,3,2,C1C(C(C(C1O)C=CC(COC2=CC=CC(=C2)C(F)(F)F)O)CC=CCCCC(=O)NC(CO)CO)O
2,13,100,0,0,0,3,0,CCCCCC(C=CC1C2CC(C1CC=CCCCC(=O)O)OC2)O
2,13,13,13,2,2,2,0,CCCCCC(=O)C=CC1C(CC(C1CCCCCCC(=O)O)O)O
2,11,5,11,0,0,0,0,CC(C(=O)O)NC(=O)C(CC(=O)O)NC(=O)CNC(=O)CN
3,6,100,0,0,0,0,0,CCCCCCCCCCCCCCCC[C@H](C(=O)N[C@@H](CO)[C@@H](/C=C/CCCCCCCCCCCCC)O)O
100,0,100,0,0,0,0,0,C=CC1C[N+]2(CCC1CC2C(C3=CC=NC4=CC=CC=C34)O)CC5=CC=CC=C5.[Cl-]
2,7,7,7,0,0,0,0,CCCCCCCCCCCCCCCCC(=O)N[C@@H](COC(=O)CCCCCCC/C=C\CCCCCCCC)[C@@H](/C=C/CCCCCCCCCCCCC)O
4,29,10,26,5,2,6,2,CCCCCC(C=CC1C(CC(=O)C1CC=CCCCC(=O)NCCCCCNC(=O)CCCCC2C3C(CS2)NC(=O)N3)O)O
10,10,100,0,0,0,4,4,C[C@H](CCC(=O)C(=C)C)[C@H]1CC[C@@H]2[C@@]1(CC[C@H]3[C@H]2C(CC4[C@@]3(CCCC4)C)O)C
2,13,100,0,0,0,7,0,COC1=CC(=C(C=C1)C=CC(=O)OC2C(C(C(C(O2)CO)O)O)O)O
100,0,100,0,0,0,0,0,CC[N+]1=C(NC=C1)C.CC[N+]1=C(NC=C1)C.[C-]#N.[C-]#N
2,15,12,12,1,1,2,0,CCCCCC(/C=C/[C@H]1C(CC(=O)C1CCCCCCCCC(=O)O)O)O
2,14,100,0,0,0,3,0,CC(C)OC(=O)CCCC=CCC1C(CC(C1C=CC(COC2=CC=CC(=C2)C(F)(F)F)O)O)O
2,12,12,12,6,6,6,0,C1=CC(=CC=C1N=NC2=CC(=C(C=C2)O)C(=O)O)[N+](=O)[O-].[Na+]
3,10,6,9,2,0,2,0,COCC(=O)NC1=C(C=CC(=C1)SC2=CC=CC=C2)N=C(NC(=O)OC)NC(=O)OC
100,0,100,0,0,0,0,0,C1=NC2=C(N1)C(=O)NC=N2
2,6,100,0,0,0,0,0,CCCCCCCCCCCCCCCC/C=C\OC[C@H](COP(=O)([O-])OCC[NH3+])O
3,6,100,0,0,0,0,0,CCCCCCCCCCCCCCC(C(=O)NC(CO)C(C=CCCCCCCCCCCCCC)O)O
3,6,100,0,0,0,0,0,CCCCCCCCCCCCCC=CC(C(CO)NC(=O)C(CCCCCCC=CCCCCCCCC)O)O
3,6,100,0,0,0,0,0,CCCCCCCCCCCCCCCCCCC(C(=O)NC(CO)C(C=CCCCCCCCCCCCCC)O)O
2,7,7,7,0,0,0,0,CCCCCCCCCCCCC=CC(C(COP(=O)([O-])OCC[NH3+])NC(=O)CCCCCCCCCCC)O
2,14,100,0,0,0,3,0,COC(=O)C=CCCCCC1C(CC(C1C=CC(COC2=CC=CC(=C2)C(F)(F)F)O)O)O
